date,state,area,hour,rainfall_mm,estimated_load_mw,high_load,previous_outage_count_24h,previous_outage_duration_min,heavy_rain,outage_next_6h
2023-01-01 00:00:00.000000000,Imo,Mbaise,6,8.797610119875726,70.9875743185021,0,1,23.471538112800687,0,0
2023-01-02 02:18:22.702702702,Abia,Bende,10,1.3930324297313599,55.11649774644335,0,0,27.033217901539043,0,0
2023-01-03 04:36:45.405405405,Ebonyi,Ezza,9,2.613534647773324,113.2862477544908,1,1,78.25954837518773,0,0
2023-01-04 06:55:08.108108108,Abia,Bende,8,8.415228538821633,80.212844864653,0,1,44.724328979073434,0,0
2023-01-05 09:13:30.810810810,Abia,Isuikwuato,13,27.98414543203194,75.51539586790504,0,2,38.357833170179305,1,0
2023-01-06 11:31:53.513513513,Anambra,Ogidi,12,7.178203791941003,89.68515133188603,0,0,24.573918717067052,0,0
2023-01-07 13:50:16.216216216,Ebonyi,Afikpo,1,6.536703531062293,90.67492207483146,1,0,0.0,0,1
2023-01-08 16:08:38.918918918,Ebonyi,Abakaliki,2,5.629166982469067,102.37651307412843,1,0,63.13177711100482,0,0
2023-01-09 18:27:01.621621621,Ebonyi,Ezza,6,3.5345338964775106,65.12676773266469,0,2,0.0,0,0
2023-01-10 20:45:24.324324324,Abia,Arochukwu,20,3.3790966178415114,88.0544443374564,0,1,21.20117004445865,0,0
2023-01-11 23:03:47.027027027,Imo,Owerri,17,4.915265171385828,61.77652047298342,0,1,57.98533661550832,0,0
2023-01-13 01:22:09.729729729,Ebonyi,Onueke,2,1.32785782691627,76.19684112522543,0,0,29.97970795513456,0,0
2023-01-14 03:40:32.432432432,Abia,Isuikwuato,9,10.281214936353122,81.13485134324108,0,0,49.71455612372846,0,0
2023-01-15 05:58:55.135135135,Anambra,Awka,21,5.835484352122215,83.08967991438122,0,1,8.589140581510406,0,0
2023-01-16 08:17:17.837837837,Imo,Okigwe,6,1.3646663032167583,82.20642211694381,0,2,34.54621880586296,0,0
2023-01-17 10:35:40.540540540,Anambra,Awka,8,1.5744359221916446,96.03661965089839,1,1,49.90157114874564,0,0
2023-01-18 12:54:03.243243243,Imo,Oguta,16,23.357637447283793,68.06023218048456,0,0,16.45582452192835,1,0
2023-01-19 15:12:25.945945946,Abia,Isuikwuato,10,10.41951869944687,83.63348545806943,0,1,95.59090433225764,0,0
2023-01-20 17:30:48.648648648,Enugu,Trans-Ekulu,6,5.7386317413756744,64.821903209592,0,0,25.877282613578178,0,0
2023-01-21 19:49:11.351351351,Imo,Mbaise,23,17.765367128464572,138.41505131771763,1,0,86.35250364047715,0,1
2023-01-22 22:07:34.054054054,Anambra,Awka,13,5.6926198292084065,61.7427136447274,0,0,39.965833657606005,0,0
2023-01-24 00:25:56.756756756,Abia,Umuahia,18,1.874022506520381,65.98694691310891,0,1,0.0,0,1
2023-01-25 02:44:19.459459459,Imo,Okigwe,3,5.16057574077511,97.6529615402624,1,2,10.892975742130417,0,1
2023-01-26 05:02:42.162162162,Enugu,Nsukka,5,18.82447541572255,71.41069712997682,0,0,50.282378667941394,0,0
2023-01-27 07:21:04.864864865,Enugu,Thinkers Corner,9,11.125405206685913,97.66092255402059,1,0,75.98327257675271,0,1
2023-01-28 09:39:27.567567567,Ebonyi,Ishieke,6,20.803943765514667,83.0604518745177,0,1,98.09331397876089,1,0
2023-01-29 11:57:50.270270270,Ebonyi,Abakaliki,12,8.790577192351794,71.9362146689242,0,2,48.84656185779884,0,0
2023-01-30 14:16:12.972972973,Anambra,Onitsha,13,5.105486006435048,64.94489301750446,0,0,9.68268757516256,0,0
2023-01-31 16:34:35.675675675,Imo,Mbaise,3,28.86275815558155,64.22326876726254,0,2,53.35455241634236,1,1
2023-02-01 18:52:58.378378378,Imo,Owerri,7,4.447742032707335,72.15357994974516,0,2,20.243559799195406,0,1
2023-02-02 21:11:21.081081081,Ebonyi,Ishieke,4,18.656411753239205,76.51207363310404,0,0,56.76574863583656,0,0
2023-02-03 23:29:43.783783784,Imo,Orlu,0,2.450539573725886,63.36237513152251,0,0,16.75576342783351,0,0
2023-02-05 01:48:06.486486486,Imo,Owerri,3,18.2374182730238,77.81535139626911,0,1,0.0,0,0
2023-02-06 04:06:29.189189189,Enugu,Independence Layout,2,14.763569526516491,58.11769414663985,0,0,84.50566978859696,0,0
2023-02-07 06:24:51.891891892,Ebonyi,Ezza,8,18.344687013878215,95.11802433192705,1,0,38.20749805964215,0,0
2023-02-08 08:43:14.594594594,Abia,Umuahia,7,2.3130280776656114,98.9472479891993,1,2,46.48981001449745,0,1
2023-02-09 11:01:37.297297297,Ebonyi,Afikpo,0,11.106186612606542,65.91349619582937,0,2,74.90104122718564,0,1
2023-02-10 13:20:00.000000000,Abia,Ohafia,5,3.8962133264660155,64.7965388976956,0,0,101.36540127994363,0,0
2023-02-11 15:38:22.702702702,Enugu,Trans-Ekulu,8,1.0533352159567182,83.55833614019744,0,1,66.6024195644687,0,0
2023-02-12 17:56:45.405405405,Anambra,Onitsha,6,3.5336716310201517,105.3073218606313,1,0,48.09004848610834,0,1
2023-02-13 20:15:08.108108108,Imo,Okigwe,3,26.191429372669273,109.73327328506348,1,1,58.8861862833972,1,1
2023-02-14 22:33:30.810810811,Enugu,Trans-Ekulu,12,26.13620547246403,51.945145535274655,0,0,36.15650870140088,1,0
2023-02-16 00:51:53.513513513,Imo,Okigwe,16,2.538966078213434,100.12609659303048,1,2,46.08343135468918,0,1
2023-02-17 03:10:16.216216216,Anambra,Awka,1,9.392242327605071,78.76893324129611,0,3,49.34590913577552,0,0
2023-02-18 05:28:38.918918919,Anambra,Nnewi,4,13.805081716532158,79.1562059907893,0,0,21.401242295906002,0,0
2023-02-19 07:47:01.621621621,Enugu,Independence Layout,11,2.7855446211087305,90.09424731301122,1,2,45.6352076063363,0,1
2023-02-20 10:05:24.324324324,Anambra,Ekwulobia,20,15.042110242829656,70.38085059167771,0,0,56.0130555751179,0,0
2023-02-21 12:23:47.027027027,Abia,Ohafia,7,19.718770058061626,101.9340126421661,1,0,60.510506927266505,0,1
2023-02-22 14:42:09.729729730,Anambra,Nnewi,5,7.815661167151982,108.47924543539614,1,1,58.11971347287944,0,0
2023-02-23 17:00:32.432432432,Imo,Owerri,7,4.142205922823432,109.22568555070474,1,1,4.829243457768783,0,1
2023-02-24 19:18:55.135135135,Imo,Mbaise,17,7.90415777342375,43.1217042346944,0,0,81.8777682779897,0,0
2023-02-25 21:37:17.837837838,Imo,Oguta,2,1.4836882456768115,75.40685462543141,0,2,79.38843682361447,0,0
2023-02-26 23:55:40.540540541,Imo,Owerri,21,21.632767308067844,41.295388303844845,0,0,42.11554775343633,1,0
2023-02-28 02:14:03.243243243,Abia,Umuahia,11,6.724807517980767,64.69439876113316,0,1,58.665260853163026,0,0
2023-03-01 04:32:25.945945946,Ebonyi,Ishieke,2,22.710667644434395,32.05002257740684,0,2,38.50338698674475,1,0
2023-03-02 06:50:48.648648649,Enugu,Independence Layout,21,10.515970426732622,89.00533269278974,0,1,67.55872988434399,0,0
2023-03-03 09:09:11.351351351,Imo,Orlu,5,3.387448807074826,84.38619271160348,0,1,20.571844615998913,0,0
2023-03-04 11:27:34.054054054,Anambra,Ekwulobia,1,8.673202752040124,71.34797786886469,0,1,85.27381785872774,0,0
2023-03-05 13:45:56.756756757,Imo,Orlu,22,6.65412403912594,64.17703778899397,0,0,66.06622835453871,0,0
2023-03-06 16:04:19.459459459,Anambra,Ogidi,11,13.773111907936483,86.2806324870734,0,2,66.76301374706672,0,1
2023-03-07 18:22:42.162162162,Anambra,Awka,1,2.9638981929648733,59.77155857257807,0,0,41.84841370722548,0,0
2023-03-08 20:41:04.864864865,Imo,Owerri,5,8.061213299791026,58.41075770465347,0,1,2.6214448520192093,0,0
2023-03-09 22:59:27.567567568,Abia,Bende,16,13.570184705103662,55.95167596130582,0,0,71.5180410036231,0,0
2023-03-11 01:17:50.270270270,Anambra,Awka,2,13.635191660719014,75.92318138522702,0,1,3.613159952923489,0,0
2023-03-12 03:36:12.972972973,Anambra,Awka,1,26.12545453490577,68.35384860934474,0,4,71.87917980673636,1,0
2023-03-13 05:54:35.675675676,Imo,Mbaise,22,24.377303359727666,72.3152396307266,0,0,21.8361834950333,1,0
2023-03-14 08:12:58.378378378,Anambra,Ekwulobia,19,10.327305502419911,90.43617480037463,1,1,0.0,0,1
2023-03-15 10:31:21.081081081,Anambra,Ogidi,7,9.576950925585829,99.26593209718997,1,0,45.02999111140592,0,0
2023-03-16 12:49:43.783783784,Imo,Owerri,21,13.433292070163422,109.00961569791771,1,1,80.4840165161522,0,1
2023-03-17 15:08:06.486486487,Imo,Owerri,11,0.8768506590417404,81.20273955936584,0,1,16.0318875474394,0,0
2023-03-18 17:26:29.189189189,Enugu,Nsukka,3,1.5717121334047162,86.95178205125539,0,1,92.9710387318448,0,0
2023-03-19 19:44:51.891891892,Abia,Ohafia,4,2.704440671441266,83.77692714261828,0,2,64.70221631492024,0,0
2023-03-20 22:03:14.594594595,Abia,Ohafia,12,9.02573975036892,46.51628602372193,0,0,49.7027856709763,0,0
2023-03-22 00:21:37.297297297,Anambra,Nnewi,14,5.802556457504619,72.60605888057827,0,0,31.931272312826625,0,0
2023-03-23 02:40:00.000000000,Abia,Isuikwuato,22,3.690319331743888,72.69803554518673,0,0,34.02307944615569,0,0
2023-03-24 04:58:22.702702703,Anambra,Awka,15,10.178527947799237,69.78374348460777,0,2,57.9050168625267,0,0
2023-03-25 07:16:45.405405405,Enugu,Nsukka,9,55.57739989729043,79.18121342762323,0,2,70.38122575557183,1,0
2023-03-26 09:35:08.108108108,Imo,Oguta,22,0.810205220560852,75.61038893571343,0,2,27.195113470437352,0,0
2023-03-27 11:53:30.810810811,Imo,Okigwe,15,6.067801124947993,60.27346472149885,0,0,20.804600181456962,0,0
2023-03-28 14:11:53.513513514,Imo,Orlu,11,21.211521600132823,76.97948092305894,0,0,38.58519544734399,1,0
2023-03-29 16:30:16.216216216,Abia,Umuahia,16,9.599332326848412,67.21899205829939,0,3,86.80886027572033,0,0
2023-03-30 18:48:38.918918919,Enugu,Independence Layout,15,1.9363449700728006,27.615145461662152,0,0,8.493349789905977,0,0
2023-03-31 21:07:01.621621622,Abia,Arochukwu,11,10.888680017559162,52.05862159379073,0,0,79.27432934228315,0,0
2023-04-01 23:25:24.324324324,Abia,Arochukwu,7,25.006772084234772,81.77828651626157,0,0,46.26839494779398,1,1
2023-04-03 01:43:47.027027027,Enugu,Abakpa,19,5.51094097916669,101.8378262830822,1,3,0.0,0,1
2023-04-04 04:02:09.729729730,Enugu,Thinkers Corner,2,15.11401972667754,31.4559348464347,0,0,31.151027953029534,0,0
2023-04-05 06:20:32.432432432,Enugu,Trans-Ekulu,15,2.8885712196363547,62.59216732492685,0,0,63.29004218820818,0,0
2023-04-06 08:38:55.135135135,Enugu,Independence Layout,12,2.3266007190246736,88.62907667989519,0,0,99.05441835122284,0,0
2023-04-07 10:57:17.837837838,Imo,Mbaise,22,4.52986132940719,97.56390927506337,1,2,5.178818298552969,0,0
2023-04-08 13:15:40.540540541,Ebonyi,Abakaliki,18,13.842573138561574,71.59772876847964,0,0,0.0,0,0
2023-04-09 15:34:03.243243243,Ebonyi,Ishieke,7,32.36827490586975,66.34435283157862,0,0,5.7134155362619055,1,1
2023-04-10 17:52:25.945945946,Enugu,Independence Layout,21,30.38046295502953,104.39421499780386,1,0,78.91246523599517,1,1
2023-04-11 20:10:48.648648649,Ebonyi,Afikpo,4,4.612212948046873,95.92185411997137,1,1,0.0,0,0
2023-04-12 22:29:11.351351351,Ebonyi,Afikpo,19,10.002605678204699,97.17236796152031,1,1,89.91761672638161,0,1
2023-04-14 00:47:34.054054054,Enugu,Independence Layout,7,9.49655605992088,70.63871995018509,0,1,81.44426843285761,0,0
2023-04-15 03:05:56.756756757,Ebonyi,Afikpo,23,16.19825316068233,102.27388475367357,1,0,50.73108726188274,0,0
2023-04-16 05:24:19.459459460,Abia,Bende,11,0.6245734121384473,41.09862534272577,0,1,26.20904068958916,0,0
2023-04-17 07:42:42.162162162,Anambra,Awka,0,8.670347953949554,102.62460183318026,1,0,46.65781877451429,0,0
2023-04-18 10:01:04.864864864,Anambra,Ekwulobia,20,0.7946063468272068,78.66935693116221,0,1,63.332620564203054,0,1
2023-04-19 12:19:27.567567568,Enugu,Trans-Ekulu,19,38.056323807697545,82.5786838249563,0,1,58.75429394175896,1,1
2023-04-20 14:37:50.270270270,Imo,Oguta,5,26.753971910893295,61.094946838450454,0,1,97.18978119810316,1,1
2023-04-21 16:56:12.972972974,Enugu,Thinkers Corner,21,3.8343526671994366,43.719473037836984,0,0,37.19692650520509,0,0
2023-04-22 19:14:35.675675676,Imo,Owerri,17,42.02334824181072,82.15408295583461,0,1,5.974710791310066,1,0
2023-04-23 21:32:58.378378378,Anambra,Nnewi,7,2.4395666422530256,91.02789099182795,1,4,0.6815787860362477,0,1
2023-04-24 23:51:21.081081082,Enugu,Independence Layout,6,10.814435092803073,94.0538476963753,1,1,0.0,0,0
2023-04-26 02:09:43.783783784,Abia,Isuikwuato,0,9.266704402027294,91.89557191649173,1,2,50.88836767606817,0,1
2023-04-27 04:28:06.486486486,Ebonyi,Abakaliki,20,1.7530438959396182,87.36323390106915,0,1,37.968938978326285,0,0
2023-04-28 06:46:29.189189190,Imo,Oguta,15,20.373863063787883,61.524271276140794,0,0,45.97963808682815,1,0
2023-04-29 09:04:51.891891892,Ebonyi,Onueke,11,19.265780047748652,95.34952145040066,1,0,28.88821377581451,0,0
2023-04-30 11:23:14.594594594,Ebonyi,Onueke,5,17.947655414955786,59.28755305049343,0,2,11.694994238319687,0,1
2023-05-01 13:41:37.297297298,Enugu,Thinkers Corner,19,10.032750027384223,102.1412847213027,1,0,63.43007653882357,0,1
2023-05-02 16:00:00.000000000,Ebonyi,Ezza,1,22.114550795173283,78.32036262387655,0,0,0.0,1,0
2023-05-03 18:18:22.702702702,Abia,Arochukwu,13,5.472248124711307,78.98581560269032,0,1,20.95213296738791,0,0
2023-05-04 20:36:45.405405406,Ebonyi,Onueke,3,21.124714197076383,97.31853236610203,1,0,68.59470479905174,1,1
2023-05-05 22:55:08.108108108,Enugu,Independence Layout,0,8.304501927852902,100.02937251068278,1,0,17.974847198908897,0,0
2023-05-07 01:13:30.810810810,Abia,Bende,22,6.5794991802170335,95.41277357900277,1,1,56.75026259395491,0,0
2023-05-08 03:31:53.513513514,Anambra,Ekwulobia,17,13.975078690878734,63.59084300888662,0,1,20.992227133906056,0,0
2023-05-09 05:50:16.216216216,Ebonyi,Ishieke,12,14.193767504110168,95.25339100877105,1,1,31.32465378509138,0,0
2023-05-10 08:08:38.918918918,Enugu,Nsukka,1,7.539395059975827,63.704207800591035,0,1,62.24761547414394,0,0
2023-05-11 10:27:01.621621622,Anambra,Onitsha,8,3.6418173333639112,95.75802803455318,1,3,6.664550488106016,0,0
2023-05-12 12:45:24.324324324,Anambra,Onitsha,20,14.015796508162564,51.49673607875471,0,1,67.35834990229037,0,0
2023-05-13 15:03:47.027027028,Imo,Owerri,1,0.728051943708282,78.1263987612327,0,1,46.377614773432995,0,0
2023-05-14 17:22:09.729729730,Abia,Isuikwuato,8,4.413213658808787,63.58217720988658,0,1,82.6931660213709,0,0
2023-05-15 19:40:32.432432432,Ebonyi,Onueke,0,12.549851556635414,97.39871304896052,1,0,51.24449914940219,0,1
2023-05-16 21:58:55.135135136,Enugu,Nsukka,10,2.4485339668031556,102.30333548178027,1,0,12.915401385619575,0,1
2023-05-18 00:17:17.837837838,Imo,Okigwe,2,8.729484206670913,83.97993027583865,0,0,96.83983265823707,0,0
2023-05-19 02:35:40.540540540,Abia,Bende,19,13.525022822705663,83.32218287875769,0,1,15.421711655935272,0,0
2023-05-20 04:54:03.243243244,Imo,Oguta,22,6.699493797404354,94.08354244962271,1,0,38.18531747598173,0,0
2023-05-21 07:12:25.945945946,Abia,Bende,3,5.8372458680513475,102.42229759898235,1,0,73.72226780885319,0,1
2023-05-22 09:30:48.648648648,Abia,Arochukwu,17,4.509264318675681,80.74622349324324,0,1,0.0,0,0
2023-05-23 11:49:11.351351352,Ebonyi,Afikpo,22,10.901032827020819,70.0064935010404,0,0,88.1900694034162,0,0
2023-05-24 14:07:34.054054054,Abia,Umuahia,5,24.05919425565101,92.94534972880976,1,0,10.473471230210592,1,1
2023-05-25 16:25:56.756756756,Imo,Oguta,2,6.243241412314394,42.82545257812658,0,0,31.35001740487283,0,0
2023-05-26 18:44:19.459459460,Abia,Bende,21,1.7580922539480852,98.19303079117651,1,2,53.66573712593027,0,1
2023-05-27 21:02:42.162162162,Ebonyi,Onueke,10,16.502531876582605,65.79626101116575,0,0,43.74882431743797,0,0
2023-05-28 23:21:04.864864864,Ebonyi,Afikpo,14,13.300427445127596,75.19544267455102,0,1,68.6752817535136,0,0
2023-05-30 01:39:27.567567568,Imo,Orlu,21,40.667213221457104,98.32102646236622,1,0,0.0,1,1
2023-05-31 03:57:50.270270270,Anambra,Nnewi,4,18.33867411763065,71.68980967220618,0,0,66.82354061318152,0,0
2023-06-01 06:16:12.972972974,Anambra,Ekwulobia,19,4.15075721773793,92.94817757149606,1,0,69.2172716332059,0,1
2023-06-02 08:34:35.675675676,Abia,Bende,9,2.945969938051347,102.77817508148829,1,2,75.87677487737679,0,1
2023-06-03 10:52:58.378378378,Enugu,Nsukka,11,4.521323329697903,82.20066180095012,0,1,0.0,0,0
2023-06-04 13:11:21.081081082,Abia,Isuikwuato,14,30.289306468990084,86.22896311649424,0,1,0.9319429851293322,1,0
2023-06-05 15:29:43.783783784,Imo,Owerri,16,15.01181540900055,77.61128252112562,0,0,34.72873051024465,0,0
2023-06-06 17:48:06.486486486,Imo,Orlu,9,18.2581724650146,82.31195994127441,0,1,4.175226560918972,0,0
2023-06-07 20:06:29.189189190,Imo,Oguta,5,16.870043032820032,57.67190440099936,0,0,0.0,0,0
2023-06-08 22:24:51.891891892,Imo,Mbaise,17,19.900167179621633,74.1252382688385,0,1,33.436078283365035,0,0
2023-06-10 00:43:14.594594594,Imo,Okigwe,12,3.2227327365955953,54.235887860349614,0,1,52.02274084373294,0,0
2023-06-11 03:01:37.297297298,Ebonyi,Ezza,2,7.944358028130745,62.02465550945203,0,2,128.9693859088398,0,0
2023-06-12 05:20:00.000000000,Anambra,Onitsha,23,10.686600087387937,39.94101958655675,0,2,61.46025462137071,0,1
2023-06-13 07:38:22.702702702,Imo,Mbaise,9,18.890765340930507,85.27856307009773,0,1,97.56809999699456,0,0
2023-06-14 09:56:45.405405406,Enugu,Thinkers Corner,13,10.703634178646396,113.83204330754828,1,0,43.67546740879269,0,0
2023-06-15 12:15:08.108108108,Enugu,Trans-Ekulu,5,15.577095926941379,70.87788529718858,0,0,61.786979786018804,0,0
2023-06-16 14:33:30.810810810,Enugu,Independence Layout,2,7.9429232690734235,99.3026718114476,1,1,40.61586913401676,0,0
2023-06-17 16:51:53.513513514,Enugu,Thinkers Corner,15,10.026844511880334,102.51385632033832,1,1,125.49369650150668,0,1
2023-06-18 19:10:16.216216216,Ebonyi,Afikpo,6,5.312851004997918,56.01725531303459,0,1,24.432274094128257,0,0
2023-06-19 21:28:38.918918918,Enugu,Independence Layout,19,3.782544030748083,60.324121646183556,0,1,28.500770996004274,0,0
2023-06-20 23:47:01.621621622,Imo,Owerri,13,13.348529902423326,99.81596176704414,1,3,68.89622062968613,0,1
2023-06-22 02:05:24.324324324,Abia,Umuahia,8,5.165471384426026,78.15317274016296,0,1,51.22418710917978,0,0
2023-06-23 04:23:47.027027028,Enugu,Trans-Ekulu,14,3.8403093672761264,54.18422267698815,0,2,32.27513989568652,0,0
2023-06-24 06:42:09.729729730,Ebonyi,Ishieke,20,6.218033651413783,67.26280826142785,0,1,73.8113144621447,0,0
2023-06-25 09:00:32.432432432,Ebonyi,Abakaliki,2,9.075040346993834,88.39320489624131,0,1,43.76558505806633,0,0
2023-06-26 11:18:55.135135136,Enugu,Thinkers Corner,1,12.050967985156907,64.12126651790332,0,0,43.55409817657835,0,0
2023-06-27 13:37:17.837837838,Abia,Ohafia,1,3.823221543482264,24.509262691312117,0,1,51.917469225866725,0,0
2023-06-28 15:55:40.540540540,Enugu,Abakpa,2,7.070901826325616,73.55973645584328,0,0,0.0,0,0
2023-06-29 18:14:03.243243244,Ebonyi,Afikpo,17,12.458068768372378,75.18013612289607,0,0,0.0,0,0
2023-06-30 20:32:25.945945946,Anambra,Onitsha,13,3.83593855674842,80.18452868288655,0,1,77.60686837760423,0,0
2023-07-01 22:50:48.648648648,Imo,Oguta,19,27.71324674732573,105.17766746579059,1,2,24.691149872474863,1,1
2023-07-03 01:09:11.351351352,Ebonyi,Ishieke,17,23.20519306055551,81.07045595798091,0,1,41.011459553709145,1,0
2023-07-04 03:27:34.054054054,Enugu,Trans-Ekulu,9,15.21335154101505,84.85874708851415,0,1,93.3731590836878,0,0
2023-07-05 05:45:56.756756756,Imo,Oguta,1,16.438712334641306,101.11073947298839,1,0,42.36397632211246,0,0
2023-07-06 08:04:19.459459460,Enugu,Independence Layout,21,7.9834810479591685,80.20688031671524,0,0,38.69733557678517,0,0
2023-07-07 10:22:42.162162162,Enugu,Trans-Ekulu,0,6.66929590310854,122.73041490580204,1,0,71.88232768485868,0,0
2023-07-08 12:41:04.864864864,Anambra,Ogidi,3,38.684002195942774,54.72583412041996,0,0,27.05205250341421,1,0
2023-07-09 14:59:27.567567568,Imo,Orlu,13,10.34855255897033,61.31704573784312,0,0,81.08787687846119,0,0
2023-07-10 17:17:50.270270270,Imo,Mbaise,0,6.897391381713402,92.27916816541628,1,0,71.2667375830944,0,1
2023-07-11 19:36:12.972972974,Anambra,Awka,13,3.4013645853136847,105.08627065877278,1,0,99.9099958592501,0,1
2023-07-12 21:54:35.675675676,Ebonyi,Afikpo,15,10.236836209673546,75.98410006262752,0,0,24.289708701684027,0,0
2023-07-14 00:12:58.378378378,Enugu,Thinkers Corner,21,10.942926687291228,59.787576584211884,0,0,86.00923938607241,0,0
2023-07-15 02:31:21.081081082,Abia,Isuikwuato,13,10.06297317315724,115.21979170450703,1,1,61.622763210117796,0,1
2023-07-16 04:49:43.783783784,Enugu,Thinkers Corner,19,16.264726224757474,64.15262210391379,0,1,5.239008489749345,0,0
2023-07-17 07:08:06.486486486,Enugu,Trans-Ekulu,2,7.149331362397456,86.78108902265957,0,1,0.0,0,0
2023-07-18 09:26:29.189189190,Ebonyi,Ezza,2,27.621107274663746,106.2830362269557,1,2,21.059193537140114,1,1
2023-07-19 11:44:51.891891892,Enugu,Nsukka,8,5.3363916099473325,71.16789553157957,0,2,53.77043422037258,0,0
2023-07-20 14:03:14.594594594,Anambra,Onitsha,5,6.0115049123199995,67.55744325486572,0,2,58.12043797823422,0,0
2023-07-21 16:21:37.297297298,Anambra,Ogidi,12,6.720098224759282,68.92624515940672,0,0,43.22756804144805,0,0
2023-07-22 18:40:00.000000000,Imo,Okigwe,20,7.772875318008202,98.03102513149528,1,3,43.49611902230902,0,1
2023-07-23 20:58:22.702702702,Abia,Umuahia,1,4.541883236967187,101.20295410405319,1,0,41.220194996994294,0,0
2023-07-24 23:16:45.405405406,Enugu,Independence Layout,7,0.6787478845470001,80.67450783524255,0,1,75.93651401215071,0,1
2023-07-26 01:35:08.108108108,Enugu,Trans-Ekulu,20,4.365054792223388,117.66164506139467,1,0,1.9113090515078497,0,0
2023-07-27 03:53:30.810810810,Ebonyi,Ezza,1,15.888322555145148,80.63933118540255,0,1,53.04869572602835,0,0
2023-07-28 06:11:53.513513514,Anambra,Ogidi,3,2.240572174395818,105.84666428336331,1,0,20.317461724108753,0,1
2023-07-29 08:30:16.216216216,Abia,Umuahia,14,15.428459337580264,71.35996791498121,0,1,17.803768048276968,0,0
2023-07-30 10:48:38.918918920,Imo,Oguta,3,39.279155058622344,126.67513067411129,1,0,80.28691691720509,1,1
2023-07-31 13:07:01.621621620,Anambra,Onitsha,12,25.035561735962045,111.40262831159423,1,1,15.502107692401722,1,0
2023-08-01 15:25:24.324324324,Imo,Oguta,11,10.974000505833464,77.44050728942969,0,0,40.81445298300415,0,0
2023-08-02 17:43:47.027027028,Ebonyi,Abakaliki,12,5.82091788588023,108.69080417434006,1,0,103.75495205636983,0,0
2023-08-03 20:02:09.729729728,Ebonyi,Afikpo,13,6.302463260641179,107.67960982344036,1,1,70.14230904245024,0,1
2023-08-04 22:20:32.432432432,Enugu,Nsukka,19,10.69168091461009,111.06082152585297,1,0,31.350890611188653,0,1
2023-08-06 00:38:55.135135136,Abia,Bende,17,15.974883818062525,30.36027328559389,0,1,33.828808247823574,0,0
2023-08-07 02:57:17.837837836,Imo,Orlu,5,18.760714897793974,94.38702898581671,1,0,8.183913040251213,0,0
2023-08-08 05:15:40.540540540,Anambra,Onitsha,10,34.56112906498103,90.84597538611483,1,1,84.01935726798156,1,1
2023-08-09 07:34:03.243243244,Ebonyi,Ezza,1,42.40338264241758,89.42146561886905,0,1,75.34055423763203,1,0
2023-08-10 09:52:25.945945948,Enugu,Independence Layout,22,13.59686251246001,84.36692866795795,0,0,65.59806821609344,0,0
2023-08-11 12:10:48.648648648,Enugu,Thinkers Corner,18,4.653889767714171,84.95622559029053,0,0,68.90498834427416,0,0
2023-08-12 14:29:11.351351352,Imo,Okigwe,18,15.90044786570177,105.66280610596161,1,0,21.76426171807729,0,0
2023-08-13 16:47:34.054054056,Ebonyi,Ishieke,4,3.341816661037931,90.78946747386743,1,1,0.0,0,1
2023-08-14 19:05:56.756756756,Abia,Bende,18,22.78654250349969,84.33812887464725,0,0,61.81621275911427,1,1
2023-08-15 21:24:19.459459460,Ebonyi,Onueke,1,14.557720685864231,102.78762029671238,1,1,71.65673620864183,0,0
2023-08-16 23:42:42.162162164,Imo,Orlu,9,12.183813180633773,88.3605235682374,0,0,93.21140049380888,0,0
2023-08-18 02:01:04.864864864,Imo,Oguta,1,33.98986196954849,90.2713685470676,1,0,38.973293811797134,1,0
2023-08-19 04:19:27.567567568,Ebonyi,Ishieke,10,13.78239351094759,117.34074217622455,1,0,34.597461642590424,0,0
2023-08-20 06:37:50.270270272,Imo,Okigwe,17,11.15564469427394,71.31038574900705,0,0,37.822193859916325,0,0
2023-08-21 08:56:12.972972972,Ebonyi,Onueke,23,8.489636817620333,49.68579323197515,0,0,65.12231476298663,0,0
2023-08-22 11:14:35.675675676,Anambra,Ekwulobia,14,5.378403354526239,81.44727021981595,0,2,36.537321519742605,0,0
2023-08-23 13:32:58.378378380,Ebonyi,Abakaliki,8,13.849842256313838,84.29086689913929,0,0,43.4328273970998,0,0
2023-08-24 15:51:21.081081080,Ebonyi,Onueke,22,8.1131139741798,94.43058058914382,1,0,69.93158673716862,0,1
2023-08-25 18:09:43.783783784,Imo,Okigwe,18,1.9806642328432282,82.14631829323922,0,0,26.224915342987924,0,0
2023-08-26 20:28:06.486486488,Imo,Orlu,8,11.089361097612894,95.10238487945118,1,0,86.73461956265291,0,1
2023-08-27 22:46:29.189189188,Enugu,Nsukka,2,8.844340995396657,130.09233360543138,1,4,63.99267021979729,0,0
2023-08-29 01:04:51.891891892,Enugu,Thinkers Corner,20,22.792424020222033,96.03028637754018,1,1,0.0,1,0
2023-08-30 03:23:14.594594596,Anambra,Onitsha,8,15.515940284906788,99.54630602102937,1,1,29.539374104149054,0,1
2023-08-31 05:41:37.297297296,Enugu,Abakpa,13,9.08129160189084,77.40937184555132,0,0,0.0,0,0
2023-09-01 08:00:00.000000000,Ebonyi,Ezza,18,1.4220057041311425,52.294858209853956,0,1,39.099618051395986,0,0
2023-09-02 10:18:22.702702704,Imo,Okigwe,6,10.41978747617552,34.03776825740509,0,3,30.05066687638393,0,0
2023-09-03 12:36:45.405405404,Enugu,Independence Layout,15,5.610332034977401,69.62638835728563,0,1,70.04564277600566,0,0
2023-09-04 14:55:08.108108108,Enugu,Abakpa,15,5.208404014803986,28.392566880697608,0,3,18.56944953133998,0,0
2023-09-05 17:13:30.810810812,Anambra,Nnewi,0,14.763193721817473,90.27098050038548,1,2,56.6320500580347,0,1
2023-09-06 19:31:53.513513512,Anambra,Awka,3,17.553109786541004,72.34366031150292,0,1,62.06542828405301,0,0
2023-09-07 21:50:16.216216216,Ebonyi,Onueke,3,14.655955289773226,53.73250267049514,0,0,52.71584556684043,0,0
2023-09-09 00:08:38.918918920,Imo,Oguta,6,8.320694745300939,82.61748239897251,0,0,79.20370745317587,0,0
2023-09-10 02:27:01.621621620,Anambra,Nnewi,7,13.317626115134424,65.22735612716393,0,0,107.04866552525627,0,0
2023-09-11 04:45:24.324324324,Enugu,Trans-Ekulu,16,14.688555926877052,89.01552507301537,0,0,48.358258280972024,0,0
2023-09-12 07:03:47.027027028,Imo,Owerri,4,28.96008040511599,94.15252659645007,1,1,57.15538550671105,1,1
2023-09-13 09:22:09.729729728,Imo,Orlu,6,7.5541648237903685,65.96331674023116,0,0,18.59169138503669,0,0
2023-09-14 11:40:32.432432432,Enugu,Trans-Ekulu,19,12.235180460599981,75.25437637819348,0,4,14.414297579302723,0,0
2023-09-15 13:58:55.135135136,Anambra,Ogidi,19,21.734690167844402,84.29791507676441,0,0,76.01488950998184,1,0
2023-09-16 16:17:17.837837836,Enugu,Thinkers Corner,3,19.393803636465282,51.859155729151496,0,2,72.04576518310074,0,0
2023-09-17 18:35:40.540540540,Imo,Owerri,5,0.3892347529546498,84.29615045754032,0,0,14.111403774862104,0,0
2023-09-18 20:54:03.243243244,Abia,Umuahia,6,5.707553250425442,51.37962703841209,0,1,5.753383724715825,0,0
2023-09-19 23:12:25.945945948,Abia,Umuahia,17,13.996354975638308,91.31433959105739,1,1,25.53789585958231,0,1
2023-09-21 01:30:48.648648648,Ebonyi,Abakaliki,4,3.771594974899643,71.29672674743601,0,1,40.75866091697668,0,0
2023-09-22 03:49:11.351351352,Enugu,Nsukka,19,3.898774983390231,51.26914531911531,0,0,32.72620774550268,0,0
2023-09-23 06:07:34.054054056,Enugu,Independence Layout,2,9.271255966322993,68.40052801718352,0,0,49.81544604996758,0,0
2023-09-24 08:25:56.756756756,Ebonyi,Afikpo,6,15.720318493737313,69.24650837613115,0,3,72.51187537117816,0,1
2023-09-25 10:44:19.459459460,Ebonyi,Abakaliki,21,4.334198304494211,101.37041766773889,1,1,58.86313136264815,0,0
2023-09-26 13:02:42.162162164,Ebonyi,Onueke,13,11.583875742541675,83.46609398571589,0,0,61.08362993052371,0,0
2023-09-27 15:21:04.864864864,Imo,Okigwe,6,0.9934576508577794,60.87445084869735,0,0,0.0,0,0
2023-09-28 17:39:27.567567568,Enugu,Trans-Ekulu,4,6.1375754167216705,112.98132574400972,1,1,0.0,0,0
2023-09-29 19:57:50.270270272,Imo,Oguta,21,24.748970263181842,92.52980803021117,1,0,21.10629577061827,1,1
2023-09-30 22:16:12.972972972,Ebonyi,Ezza,4,14.207509148906412,73.27355262840676,0,2,26.058190555214804,0,0
2023-10-02 00:34:35.675675676,Enugu,Abakpa,22,16.245876855513632,48.92331628609955,0,0,70.194835048177,0,0
2023-10-03 02:52:58.378378380,Imo,Okigwe,1,13.690853511969864,71.50812841039613,0,0,18.63295705595605,0,0
2023-10-04 05:11:21.081081080,Imo,Orlu,20,3.676832859765842,75.58973830684658,0,0,65.00782984072104,0,0
2023-10-05 07:29:43.783783784,Ebonyi,Ezza,21,14.26053838953169,87.38064662900511,0,1,21.446827835811057,0,0
2023-10-06 09:48:06.486486488,Enugu,Independence Layout,5,33.11869562813514,92.14513019319311,1,2,8.973471378215535,1,1
2023-10-07 12:06:29.189189188,Ebonyi,Ishieke,14,7.8490804771566465,96.1316419082147,1,1,10.366510228686252,0,0
2023-10-08 14:24:51.891891892,Enugu,Abakpa,20,10.912729185689242,47.77065138322905,0,0,112.74799479867667,0,0
2023-10-09 16:43:14.594594596,Abia,Ohafia,9,6.860698462685094,84.17009642326485,0,0,20.77905094470017,0,0
2023-10-10 19:01:37.297297296,Anambra,Nnewi,22,22.478774058616338,76.80768349503576,0,0,65.72961626581022,1,1
2023-10-11 21:20:00.000000000,Anambra,Awka,23,10.339730373364814,133.55954552339756,1,0,0.0,0,0
2023-10-12 23:38:22.702702704,Anambra,Ogidi,6,20.666992553850903,81.29388878192742,0,0,87.56787012536205,1,1
2023-10-14 01:56:45.405405404,Ebonyi,Abakaliki,4,17.37875918150231,67.54693603077257,0,3,55.47123435191139,0,0
2023-10-15 04:15:08.108108108,Abia,Arochukwu,0,1.1562190948759414,82.2073771343383,0,1,53.219366063786616,0,0
2023-10-16 06:33:30.810810812,Enugu,Thinkers Corner,12,1.6939012455357636,79.82863423978468,0,3,57.41481969429957,0,0
2023-10-17 08:51:53.513513512,Imo,Owerri,20,3.3774008979212713,40.21921385697969,0,1,60.71999173336052,0,1
2023-10-18 11:10:16.216216216,Enugu,Abakpa,17,4.751708301633612,88.16608926835674,0,1,69.27201776534639,0,0
2023-10-19 13:28:38.918918920,Imo,Okigwe,12,24.234320422800003,73.78883818642836,0,0,27.02707745372916,1,1
2023-10-20 15:47:01.621621620,Enugu,Nsukka,20,5.023762617953525,79.46617569678962,0,0,25.27235118683633,0,0
2023-10-21 18:05:24.324324324,Abia,Umuahia,20,8.917891391880653,62.528629322188834,0,1,46.47671634144203,0,0
2023-10-22 20:23:47.027027028,Imo,Oguta,17,20.227862396708666,58.12171539575529,0,0,65.53283281254926,1,0
2023-10-23 22:42:09.729729728,Ebonyi,Abakaliki,4,0.3022107244046938,97.5776466815129,1,2,43.00033571332532,0,1
2023-10-25 01:00:32.432432432,Enugu,Trans-Ekulu,12,7.912715597185596,102.16913312885647,1,0,68.2170538739731,0,0
2023-10-26 03:18:55.135135136,Enugu,Thinkers Corner,3,5.3279999759746035,88.36197210874471,0,2,63.53510348105752,0,1
2023-10-27 05:37:17.837837836,Imo,Mbaise,16,20.841134898593577,43.78404798880731,0,1,38.49050215751921,1,0
2023-10-28 07:55:40.540540540,Ebonyi,Onueke,2,7.998208721996156,89.66126718522648,0,2,0.0,0,0
2023-10-29 10:14:03.243243244,Ebonyi,Afikpo,16,22.53875235650499,44.081268973266276,0,0,29.89416163938266,1,0
2023-10-30 12:32:25.945945948,Abia,Umuahia,10,3.483843537859397,66.77648730343469,0,2,97.28391701429025,0,0
2023-10-31 14:50:48.648648648,Ebonyi,Ishieke,20,15.429511058945145,97.31116897514484,1,1,55.201789521170994,0,0
2023-11-01 17:09:11.351351352,Ebonyi,Afikpo,19,27.35429471783114,93.15196963408982,1,1,25.81349606189723,1,1
2023-11-02 19:27:34.054054056,Ebonyi,Afikpo,22,3.7282006487556836,89.13934729066939,0,2,52.519547328236975,0,0
2023-11-03 21:45:56.756756756,Anambra,Awka,20,3.4114871811845835,106.25805307839568,1,0,65.29932204983406,0,1
2023-11-05 00:04:19.459459460,Abia,Arochukwu,3,16.85142979160307,91.20030294815854,1,0,25.828031716450997,0,0
2023-11-06 02:22:42.162162164,Enugu,Nsukka,1,4.231120441479441,39.61961549918235,0,1,82.06151682365689,0,0
2023-11-07 04:41:04.864864864,Imo,Orlu,19,2.0352291790333585,72.60938307487281,0,2,59.87094063490951,0,1
2023-11-08 06:59:27.567567568,Enugu,Nsukka,15,0.8206541217439847,79.16783084537879,0,1,12.002736804829809,0,0
2023-11-09 09:17:50.270270272,Abia,Umuahia,17,10.532809866454603,76.82516546461255,0,1,70.69098859627121,0,0
2023-11-10 11:36:12.972972972,Imo,Okigwe,7,0.9095301375459071,67.6572964979522,0,2,32.71159845606914,0,0
2023-11-11 13:54:35.675675676,Abia,Arochukwu,2,7.017860839892357,59.3968773307281,0,0,39.62608721083184,0,0
2023-11-12 16:12:58.378378380,Ebonyi,Onueke,8,10.900020154098915,128.01489938918638,1,0,14.520939090956663,0,0
2023-11-13 18:31:21.081081080,Imo,Oguta,19,2.8461272264362756,72.22510349588437,0,2,63.94339238069491,0,1
2023-11-14 20:49:43.783783784,Ebonyi,Afikpo,5,2.310442755677334,127.03204106748905,1,1,40.53404319913736,0,0
2023-11-15 23:08:06.486486488,Enugu,Abakpa,9,7.8550033319908685,57.17419190487892,0,1,65.21270863501827,0,0
2023-11-17 01:26:29.189189188,Enugu,Independence Layout,20,7.157076513637618,93.14120137518016,1,2,28.470528328032916,0,1
2023-11-18 03:44:51.891891892,Imo,Orlu,9,11.370098789022078,84.59282832779739,0,1,25.037901363897646,0,0
2023-11-19 06:03:14.594594596,Imo,Okigwe,12,7.672212110090688,61.561009458698784,0,0,22.606887852067487,0,0
2023-11-20 08:21:37.297297296,Abia,Arochukwu,16,8.759002935407853,70.64885780358632,0,0,56.880965386287855,0,0
2023-11-21 10:40:00.000000000,Abia,Umuahia,8,16.050250127768987,79.6973986127806,0,1,24.589505264917904,0,0
2023-11-22 12:58:22.702702704,Ebonyi,Onueke,16,2.637907470357488,63.11766765667748,0,0,38.906620538207605,0,0
2023-11-23 15:16:45.405405404,Imo,Mbaise,23,17.264863423131793,74.87718811929147,0,0,29.447190380810035,0,0
2023-11-24 17:35:08.108108108,Enugu,Abakpa,8,23.073963016273595,32.7019514921877,0,0,58.20251774693028,1,0
2023-11-25 19:53:30.810810812,Abia,Isuikwuato,8,7.84041198598292,94.23031980537479,1,0,0.0,0,0
2023-11-26 22:11:53.513513512,Abia,Arochukwu,0,0.5689302526463946,104.54303348245585,1,3,52.41098610670015,0,1
2023-11-28 00:30:16.216216216,Enugu,Independence Layout,1,6.291681874640372,89.08727414997318,0,0,96.94029567287421,0,0
2023-11-29 02:48:38.918918920,Abia,Isuikwuato,15,12.171498797804409,125.28516255875559,1,1,82.08078326201094,0,1
2023-11-30 05:07:01.621621620,Ebonyi,Onueke,0,9.807055163432985,93.64192455199786,1,0,26.500406340795834,0,0
2023-12-01 07:25:24.324324324,Imo,Orlu,9,64.23663675625573,102.8561927755512,1,1,59.838053284949524,1,0
2023-12-02 09:43:47.027027028,Enugu,Abakpa,17,0.20504040826997713,104.76725665020223,1,1,54.01696418519715,0,0
2023-12-03 12:02:09.729729728,Imo,Owerri,7,26.529072929313397,24.979732868287307,0,1,89.08176189486413,1,1
2023-12-04 14:20:32.432432432,Abia,Bende,20,13.459283081894894,88.47346397499126,0,0,0.0,0,0
2023-12-05 16:38:55.135135136,Abia,Isuikwuato,10,6.952622813364777,52.341300993664376,0,1,78.38602106805493,0,0
2023-12-06 18:57:17.837837836,Enugu,Thinkers Corner,22,1.473245510903642,56.38193096858389,0,1,36.974469817083865,0,0
2023-12-07 21:15:40.540540540,Ebonyi,Ishieke,1,21.13684252399968,59.86053456396171,0,1,22.70313181648747,1,0
2023-12-08 23:34:03.243243244,Anambra,Onitsha,7,7.67051041384346,73.74568399965247,0,0,21.845939136161235,0,0
2023-12-10 01:52:25.945945948,Enugu,Thinkers Corner,21,5.830073178798893,93.00919921475393,1,3,6.002810513661601,0,1
2023-12-11 04:10:48.648648648,Anambra,Ogidi,7,9.569064184914422,88.67979650013409,0,0,26.576447775781926,0,0
2023-12-12 06:29:11.351351352,Anambra,Onitsha,16,10.241468626347627,79.74837234364804,0,1,12.607978382058135,0,0
2023-12-13 08:47:34.054054056,Ebonyi,Ezza,14,2.2392592380255465,94.45366882411922,1,0,50.406515115219555,0,0
2023-12-14 11:05:56.756756756,Anambra,Onitsha,16,6.058822843356409,95.66972643184207,1,2,62.69812896985141,0,1
2023-12-15 13:24:19.459459460,Anambra,Nnewi,22,21.049733296772246,88.8524837846669,0,0,37.30279771084915,1,0
2023-12-16 15:42:42.162162164,Ebonyi,Afikpo,23,7.820981505920693,45.50990427850428,0,1,89.99169618768495,0,0
2023-12-17 18:01:04.864864864,Anambra,Onitsha,12,4.63876234320545,65.21334421286552,0,0,28.547361436291848,0,0
2023-12-18 20:19:27.567567568,Anambra,Nnewi,18,7.458550564950157,80.52655667885297,0,0,35.73412732810222,0,0
2023-12-19 22:37:50.270270272,Anambra,Ogidi,4,10.830483600721413,94.66905766282169,1,1,30.811780712147282,0,0
2023-12-21 00:56:12.972972972,Enugu,Nsukka,11,8.987574489995305,53.42840684552027,0,0,62.95856621743185,0,0
2023-12-22 03:14:35.675675676,Enugu,Trans-Ekulu,0,11.803830419278318,79.7730962044944,0,1,65.98720508555665,0,0
2023-12-23 05:32:58.378378380,Enugu,Independence Layout,22,6.55282164097898,48.68751087221096,0,3,59.861006519132914,0,0
2023-12-24 07:51:21.081081080,Ebonyi,Onueke,4,9.099501703639994,100.51835971438555,1,2,41.27674038187591,0,1
2023-12-25 10:09:43.783783784,Abia,Bende,7,7.209209009268407,84.84694556729448,0,1,4.78131422766333,0,0
2023-12-26 12:28:06.486486488,Anambra,Ogidi,12,13.105355036011897,53.07727928088114,0,0,35.4167825756848,0,0
2023-12-27 14:46:29.189189188,Anambra,Awka,7,9.671988387910258,52.945429243914134,0,2,89.34419141701594,0,0
2023-12-28 17:04:51.891891892,Ebonyi,Ishieke,22,1.8626147000595519,87.7486374316852,0,0,75.39713662304959,0,0
2023-12-29 19:23:14.594594596,Anambra,Ogidi,10,12.957583885446887,107.4959782912633,1,1,53.8215119006016,0,0
2023-12-30 21:41:37.297297296,Enugu,Abakpa,0,13.131633365199063,58.06428325101306,0,2,33.4664382864467,0,0
2024-01-01 00:00:00.000000000,Abia,Umuahia,12,50.64864614552969,95.73208217232154,1,1,44.591445679964266,1,1
2024-01-02 02:18:22.702702704,Imo,Mbaise,18,36.64843893424165,69.15524563944341,0,2,33.59987282892857,1,1
2024-01-03 04:36:45.405405404,Anambra,Awka,23,14.23143757841989,96.46388205385773,1,0,80.7915506425064,0,0
2024-01-04 06:55:08.108108108,Enugu,Trans-Ekulu,2,8.361373782937596,93.66381820730625,1,1,19.83099004819754,0,0
2024-01-05 09:13:30.810810812,Imo,Owerri,23,4.375712300907794,83.10599682964879,0,0,72.71007846890932,0,0
2024-01-06 11:31:53.513513512,Abia,Bende,16,10.359224376632714,43.31217387438834,0,1,29.12392285023698,0,0
2024-01-07 13:50:16.216216216,Imo,Oguta,4,3.626224414022949,93.62371300248226,1,0,84.62780491085975,0,0
2024-01-08 16:08:38.918918920,Enugu,Thinkers Corner,19,21.02876000789452,90.0403854199373,1,0,57.8032777142402,1,1
2024-01-09 18:27:01.621621620,Imo,Owerri,20,0.5157649600753189,88.20859506389004,0,0,22.518378001653936,0,0
2024-01-10 20:45:24.324324324,Ebonyi,Onueke,7,17.79869026985932,83.91348126461956,0,1,35.72062759493978,0,0
2024-01-11 23:03:47.027027028,Imo,Oguta,13,52.53674985026444,62.42426223335784,0,0,66.34921820169978,1,1
2024-01-13 01:22:09.729729728,Anambra,Onitsha,3,43.09203072721019,101.65925542038224,1,0,30.025715292778216,1,1
2024-01-14 03:40:32.432432432,Anambra,Ekwulobia,10,3.178308675180681,97.96279441633271,1,1,45.66409456143619,0,0
2024-01-15 05:58:55.135135136,Ebonyi,Afikpo,19,1.5887852175078971,58.4915444631067,0,0,29.61167492553167,0,0
2024-01-16 08:17:17.837837836,Enugu,Nsukka,14,27.951394238171694,106.28590021035504,1,2,97.77351444745639,1,1
2024-01-17 10:35:40.540540540,Anambra,Awka,18,15.79613872191066,82.63338869270775,0,2,102.93215678853991,0,1
2024-01-18 12:54:03.243243244,Abia,Umuahia,6,7.995453575847505,82.58273906290344,0,1,88.89371860175171,0,0
2024-01-19 15:12:25.945945948,Anambra,Ogidi,18,17.070473725403538,76.47289327162635,0,1,41.268781045985016,0,0
2024-01-20 17:30:48.648648648,Anambra,Awka,18,3.5411693003952034,78.44013206829888,0,0,32.91742059879095,0,0
2024-01-21 19:49:11.351351352,Enugu,Thinkers Corner,10,16.10590257690966,107.41798376619539,1,1,21.62509261457611,0,0
2024-01-22 22:07:34.054054056,Imo,Owerri,4,2.623728826673216,100.6614996919703,1,1,91.07163872409318,0,1
2024-01-24 00:25:56.756756756,Anambra,Ekwulobia,4,17.14373552835719,100.2369416727883,1,0,72.92171132103508,0,1
2024-01-25 02:44:19.459459460,Ebonyi,Ezza,21,6.8124905573824295,83.69128705090756,0,2,74.36282644522021,0,0
2024-01-26 05:02:42.162162164,Imo,Okigwe,7,11.774045142613945,97.78343447068792,1,0,37.502161893573245,0,0
2024-01-27 07:21:04.864864864,Abia,Arochukwu,9,12.143428694201532,63.31373851918856,0,1,0.0,0,0
2024-01-28 09:39:27.567567568,Enugu,Nsukka,5,38.69841641059569,91.66885956996134,1,1,0.0,1,0
2024-01-29 11:57:50.270270272,Abia,Isuikwuato,14,14.81767748373726,76.93023936062065,0,3,46.72902188707529,0,0
2024-01-30 14:16:12.972972972,Imo,Oguta,15,21.807858018572542,38.803900251833554,0,1,29.31977230900994,1,0
2024-01-31 16:34:35.675675676,Imo,Okigwe,16,14.498794238805274,48.27796682356073,0,0,25.868961168221052,0,0
2024-02-01 18:52:58.378378380,Imo,Mbaise,7,8.707343066779195,66.7404243982156,0,1,55.35445121185872,0,0
2024-02-02 21:11:21.081081080,Abia,Ohafia,7,7.393393251243103,88.3030796869742,0,0,75.40979489578476,0,0
2024-02-03 23:29:43.783783784,Imo,Oguta,8,7.362657260481088,66.75840423332062,0,0,23.96318794209752,0,0
2024-02-05 01:48:06.486486488,Abia,Arochukwu,1,16.75439229915674,68.17766525230583,0,0,5.8317094303146675,0,0
2024-02-06 04:06:29.189189188,Imo,Owerri,14,31.02461227644496,95.26521843749684,1,2,24.675864735668203,1,1
2024-02-07 06:24:51.891891892,Ebonyi,Ezza,17,31.7731732048202,68.89975761100627,0,0,13.681081123442024,1,0
2024-02-08 08:43:14.594594596,Imo,Mbaise,2,7.18476222443053,106.61614484068822,1,1,62.78497847777966,0,1
2024-02-09 11:01:37.297297296,Abia,Ohafia,16,19.365842349500088,103.30247479640269,1,2,44.876737373702355,0,1
2024-02-10 13:20:00.000000000,Anambra,Ekwulobia,3,5.806299190842507,80.43762641142636,0,2,101.4146768470668,0,0
2024-02-11 15:38:22.702702704,Imo,Oguta,3,26.118975806800517,95.06922903316658,1,1,67.04055358914786,1,1
2024-02-12 17:56:45.405405404,Anambra,Ogidi,13,6.328573233141784,92.34480908712764,1,2,99.41568410994496,0,1
2024-02-13 20:15:08.108108108,Ebonyi,Onueke,8,28.665688264283904,75.08669448081193,0,1,2.8837392027715296,1,0
2024-02-14 22:33:30.810810812,Enugu,Nsukka,8,18.819970650965082,97.23269325944293,1,0,0.0,0,0
2024-02-16 00:51:53.513513512,Ebonyi,Afikpo,22,6.360509646252528,100.17804110781054,1,0,52.28976085306204,0,0
2024-02-17 03:10:16.216216216,Imo,Okigwe,17,20.905387787042113,60.951295384191994,0,0,48.69660722976322,1,0
2024-02-18 05:28:38.918918920,Anambra,Onitsha,9,7.430980044296371,83.07097276641483,0,1,41.316437563561884,0,0
2024-02-19 07:47:01.621621620,Anambra,Awka,20,75.36428003328376,82.85007645152331,0,0,47.87390176888935,1,0
2024-02-20 10:05:24.324324324,Abia,Arochukwu,3,8.883680306688147,96.99238934901409,1,2,11.279214458081753,0,1
2024-02-21 12:23:47.027027028,Anambra,Awka,11,9.35655656428328,71.12283299101327,0,0,61.89536093653352,0,1
2024-02-22 14:42:09.729729728,Abia,Umuahia,7,13.197232197693392,68.04479334447143,0,1,67.08579720307013,0,0
2024-02-23 17:00:32.432432432,Enugu,Trans-Ekulu,1,1.9613986911076187,83.37999320622308,0,1,9.007538489906771,0,0
2024-02-24 19:18:55.135135136,Imo,Okigwe,21,20.604984969988536,103.62718446507145,1,1,34.39090737452126,1,1
2024-02-25 21:37:17.837837840,Abia,Isuikwuato,12,3.0578696331769946,56.01245769180132,0,1,36.24408452580717,0,0
2024-02-26 23:55:40.540540544,Enugu,Nsukka,20,28.99426256602363,59.503876933257445,0,1,24.875672935191627,1,1
2024-02-28 02:14:03.243243240,Anambra,Awka,15,10.089812695900356,69.58990184058823,0,3,10.166628296003353,0,0
2024-02-29 04:32:25.945945944,Anambra,Awka,1,18.212974105166378,73.14845855836896,0,0,45.375149730762736,0,0
2024-03-01 06:50:48.648648648,Enugu,Independence Layout,10,14.896411826385963,44.688343951249706,0,2,52.82416561992895,0,0
2024-03-02 09:09:11.351351352,Anambra,Ekwulobia,9,36.60259506030272,109.96390573830296,1,2,26.694536737071143,1,1
2024-03-03 11:27:34.054054056,Enugu,Trans-Ekulu,14,0.5418524350456448,77.39386817301776,0,0,12.276342067306274,0,0
2024-03-04 13:45:56.756756760,Abia,Umuahia,16,5.690143415044281,74.39790951640057,0,0,57.31671735124119,0,0
2024-03-05 16:04:19.459459456,Abia,Isuikwuato,7,15.168900387873272,112.45275076070834,1,1,21.98038574293034,0,0
2024-03-06 18:22:42.162162160,Enugu,Independence Layout,17,1.7487642839873863,94.35586990247626,1,0,35.72383459202383,0,0
2024-03-07 20:41:04.864864864,Abia,Arochukwu,22,28.288168262582936,69.29156245333303,0,0,31.9177011552534,1,0
2024-03-08 22:59:27.567567568,Abia,Ohafia,8,16.00169439733032,83.29215690616311,0,0,82.37125992508984,0,0
2024-03-10 01:17:50.270270272,Abia,Arochukwu,7,7.068537356809776,79.16525735247042,0,1,23.357086078391458,0,0
2024-03-11 03:36:12.972972976,Ebonyi,Afikpo,13,12.258446163185361,108.96701713858553,1,1,96.76579737026952,0,1
2024-03-12 05:54:35.675675672,Imo,Owerri,17,5.584509146259737,76.65151596632813,0,1,67.5690581442452,0,0
2024-03-13 08:12:58.378378376,Anambra,Nnewi,21,0.43518847676158323,51.1588091628358,0,2,99.6269602736806,0,0
2024-03-14 10:31:21.081081080,Ebonyi,Onueke,19,6.5061460721782245,42.45551786389409,0,2,64.9391648873902,0,1
2024-03-15 12:49:43.783783784,Abia,Isuikwuato,19,0.759514231285329,109.50322694813376,1,1,38.36866656893488,0,0
2024-03-16 15:08:06.486486488,Enugu,Nsukka,20,7.541922404791715,64.22770604474739,0,0,17.479010125434176,0,0
2024-03-17 17:26:29.189189192,Abia,Umuahia,11,10.210264311709329,93.4042331126662,1,3,34.3376582767718,0,1
2024-03-18 19:44:51.891891896,Imo,Owerri,18,22.753242315788732,81.43526861430104,0,0,89.61843075669682,1,0
2024-03-19 22:03:14.594594592,Abia,Bende,13,0.4496181690970931,71.66690424243485,0,1,43.561836229653444,0,0
2024-03-21 00:21:37.297297296,Enugu,Nsukka,16,14.94985123027549,74.8030516599375,0,1,64.82758161465324,0,0
2024-03-22 02:40:00.000000000,Imo,Orlu,23,22.72420745080609,111.66755763059066,1,1,51.20914035197977,1,0
2024-03-23 04:58:22.702702704,Abia,Ohafia,20,35.840944866561074,51.038731427137506,0,0,52.489835355277236,1,1
2024-03-24 07:16:45.405405408,Imo,Owerri,2,3.52416403612429,72.27089538488148,0,0,53.64479051894744,0,0
2024-03-25 09:35:08.108108112,Anambra,Nnewi,22,5.585296896813943,98.13131521367403,1,0,59.86024460497357,0,0
2024-03-26 11:53:30.810810808,Anambra,Nnewi,6,23.997644779457918,54.33709983107488,0,1,20.576775267275696,1,1
2024-03-27 14:11:53.513513512,Abia,Bende,16,4.036336324657325,106.3456561555517,1,3,36.752871872814154,0,0
2024-03-28 16:30:16.216216216,Imo,Oguta,11,29.185412446528407,97.84499431507251,1,0,54.27939999049019,1,0
2024-03-29 18:48:38.918918920,Enugu,Thinkers Corner,8,5.625733325406493,85.43591370264674,0,0,49.9046166750059,0,0
2024-03-30 21:07:01.621621624,Abia,Ohafia,14,29.031487727916698,69.93686191451465,0,1,31.163861891632983,1,0
2024-03-31 23:25:24.324324328,Anambra,Awka,17,5.536209111697764,51.768676896320855,0,1,57.498027442833155,0,0
2024-04-02 01:43:47.027027024,Anambra,Onitsha,20,45.061177902893554,94.1409178826814,1,2,21.865759303283426,1,1
2024-04-03 04:02:09.729729728,Abia,Bende,12,27.135870061247306,134.97289868967775,1,1,8.309814931911909,1,1
2024-04-04 06:20:32.432432432,Imo,Orlu,20,8.9734002115866,82.91785071833716,0,0,53.849573036674315,0,0
2024-04-05 08:38:55.135135136,Anambra,Awka,7,37.94725684416101,43.47909178536198,0,0,9.045247874377282,1,0
2024-04-06 10:57:17.837837840,Imo,Owerri,13,9.421504812233586,89.15032980253496,0,1,53.40372007258906,0,0
2024-04-07 13:15:40.540540544,Anambra,Ogidi,7,13.21003202852184,97.20525942802391,1,1,0.0,0,1
2024-04-08 15:34:03.243243240,Anambra,Nnewi,13,22.31410490214725,61.642951362081256,0,0,23.25036482529602,1,0
2024-04-09 17:52:25.945945944,Ebonyi,Onueke,6,16.98744148140684,67.08976147821208,0,1,35.172692608526546,0,0
2024-04-10 20:10:48.648648648,Anambra,Onitsha,22,21.327791431763146,65.05243542507417,0,1,0.0,1,0
2024-04-11 22:29:11.351351352,Enugu,Abakpa,11,12.382874986158896,69.37272266272622,0,1,33.81983181380481,0,0
2024-04-13 00:47:34.054054056,Abia,Ohafia,10,7.243451904170726,76.55673771443908,0,0,80.55058913857233,0,0
2024-04-14 03:05:56.756756760,Abia,Isuikwuato,21,12.845922038136807,62.78197783012995,0,0,6.890738193493334,0,0
2024-04-15 05:24:19.459459456,Imo,Orlu,21,19.688507016738182,55.2832451729555,0,0,34.63880263435948,0,0
2024-04-16 07:42:42.162162160,Anambra,Onitsha,10,22.019995346848305,83.48750771350035,0,0,96.07934008116598,1,0
2024-04-17 10:01:04.864864864,Enugu,Nsukka,21,7.211773978347522,76.34675920272599,0,1,13.144174109676953,0,0
2024-04-18 12:19:27.567567568,Imo,Mbaise,12,12.55605291256685,71.27516459766366,0,0,86.91670055201618,0,0
2024-04-19 14:37:50.270270272,Ebonyi,Ishieke,17,21.576050612654768,81.66379433443029,0,0,36.62984159862111,1,0
2024-04-20 16:56:12.972972976,Imo,Mbaise,1,70.64615844481995,49.59648588883112,0,1,48.05736257648745,1,0
2024-04-21 19:14:35.675675672,Imo,Oguta,20,6.790889984244424,85.2640584599352,0,0,83.74446694228153,0,1
2024-04-22 21:32:58.378378376,Anambra,Ogidi,14,9.243025621467172,71.68623599420874,0,1,30.44706182096942,0,0
2024-04-23 23:51:21.081081080,Ebonyi,Abakaliki,19,1.8881177998231757,84.78978936225559,0,1,63.930770202104554,0,1
2024-04-25 02:09:43.783783784,Imo,Orlu,17,8.599945290270089,87.99298210837935,0,0,71.53791320176762,0,0
2024-04-26 04:28:06.486486488,Enugu,Nsukka,14,12.809733975650932,102.62302556572355,1,1,25.47557978273798,0,0
2024-04-27 06:46:29.189189192,Enugu,Nsukka,18,9.631384915835126,82.05908833977823,0,1,22.157094987036135,0,0
2024-04-28 09:04:51.891891896,Abia,Ohafia,22,4.232756256671406,101.33437660108653,1,2,38.14190713053101,0,0
2024-04-29 11:23:14.594594592,Ebonyi,Afikpo,23,8.547573384264405,73.56173717739819,0,2,39.08053976516281,0,0
2024-04-30 13:41:37.297297296,Ebonyi,Onueke,11,3.5840601002316745,74.51644973271154,0,2,12.631560627264335,0,0
2024-05-01 16:00:00.000000000,Abia,Arochukwu,12,28.434070904246443,78.1814365435265,0,0,25.751985039959052,1,0
2024-05-02 18:18:22.702702704,Imo,Okigwe,21,15.312908025800898,95.48249801356424,1,2,0.0,0,0
2024-05-03 20:36:45.405405408,Ebonyi,Ishieke,10,7.6850165082211745,92.61918154045827,1,1,34.97181950116781,0,0
2024-05-04 22:55:08.108108112,Enugu,Nsukka,4,6.355785585328742,82.70143759723588,0,0,71.83182540903952,0,0
2024-05-06 01:13:30.810810808,Enugu,Thinkers Corner,0,21.693933371943096,55.44529316790957,0,0,0.0,1,0
2024-05-07 03:31:53.513513512,Anambra,Nnewi,23,1.0817613651627669,92.26118351532652,1,1,31.105664053693992,0,0
2024-05-08 05:50:16.216216216,Ebonyi,Ezza,2,35.53913690971684,62.77190730434058,0,2,118.26998423529668,1,1
2024-05-09 08:08:38.918918920,Imo,Owerri,21,26.33231812151089,61.6820521240056,0,0,44.32319875999398,1,0
2024-05-10 10:27:01.621621624,Abia,Ohafia,18,2.5795549144780714,57.23029820124634,0,0,85.70383103423912,0,0
2024-05-11 12:45:24.324324328,Abia,Ohafia,22,16.385382166172622,78.33662578395929,0,1,14.642540349264081,0,0
2024-05-12 15:03:47.027027024,Imo,Owerri,6,3.435914485003507,104.23448596941375,1,0,58.46455217316676,0,1
2024-05-13 17:22:09.729729728,Anambra,Ogidi,11,2.5087025649777592,60.69278911239572,0,1,9.533453098749348,0,0
2024-05-14 19:40:32.432432432,Abia,Ohafia,14,1.1892202567716668,113.57151906348176,1,0,57.031938448328525,0,0
2024-05-15 21:58:55.135135136,Ebonyi,Ishieke,4,2.1252336173297373,98.19620444907144,1,0,70.2674470427935,0,1
2024-05-17 00:17:17.837837840,Anambra,Awka,14,39.246650585833024,50.707958734987514,0,0,63.149275365890276,1,0
2024-05-18 02:35:40.540540544,Ebonyi,Ishieke,7,30.900728545290917,72.34449635643358,0,0,34.65188022805447,1,0
2024-05-19 04:54:03.243243240,Enugu,Trans-Ekulu,9,11.727384746354124,59.194994660183895,0,0,53.24800698053674,0,0
2024-05-20 07:12:25.945945944,Anambra,Ekwulobia,15,3.9620245860598575,93.29910915471433,1,2,53.53475806228486,0,1
2024-05-21 09:30:48.648648648,Abia,Ohafia,7,29.320897972107208,60.236733046591816,0,0,64.97968966365457,1,1
2024-05-22 11:49:11.351351352,Anambra,Ekwulobia,0,21.421331204207867,47.57761045887641,0,0,41.28699155380241,1,0
2024-05-23 14:07:34.054054056,Anambra,Ogidi,11,12.022492313855375,73.48548446525824,0,0,72.93416400705702,0,0
2024-05-24 16:25:56.756756760,Anambra,Nnewi,4,13.009272286190503,103.38788147392516,1,1,88.03816197888173,0,0
2024-05-25 18:44:19.459459456,Anambra,Ogidi,2,31.284470870105665,76.14967552314893,0,0,35.463976598849996,1,0
2024-05-26 21:02:42.162162160,Ebonyi,Afikpo,0,0.4355577329541345,87.96887726713364,0,0,46.393191838258815,0,0
2024-05-27 23:21:04.864864864,Enugu,Thinkers Corner,3,31.704244944389814,88.74462195094081,0,0,17.855556485648627,1,0
2024-05-29 01:39:27.567567568,Imo,Okigwe,7,49.743854109101825,49.754488145178506,0,0,55.207719714728036,1,0
2024-05-30 03:57:50.270270272,Anambra,Onitsha,2,10.784947210856355,62.01251745690692,0,1,55.39913183342383,0,0
2024-05-31 06:16:12.972972976,Abia,Arochukwu,9,1.3695802532798054,80.12928374395194,0,1,46.73959155101107,0,0
2024-06-01 08:34:35.675675672,Anambra,Nnewi,1,19.445970519843367,68.85290032689224,0,3,49.001989629038086,0,0
2024-06-02 10:52:58.378378376,Abia,Isuikwuato,10,2.0466832954695198,114.08909100788316,1,2,102.65479167222561,0,1
2024-06-03 13:11:21.081081080,Ebonyi,Afikpo,9,15.708033640311726,55.433552098382194,0,2,0.0,0,0
2024-06-04 15:29:43.783783784,Abia,Bende,20,14.68416873575352,61.814797935342995,0,0,30.100293661215893,0,0
2024-06-05 17:48:06.486486488,Imo,Orlu,13,16.34685861879616,85.81088518959491,0,0,34.688289657237604,0,0
2024-06-06 20:06:29.189189192,Enugu,Nsukka,6,16.748472653411522,67.44213324433422,0,0,88.70737838862902,0,0
2024-06-07 22:24:51.891891896,Abia,Isuikwuato,1,7.790563360854757,22.16334802099587,0,0,59.258664279557415,0,0
2024-06-09 00:43:14.594594592,Abia,Bende,8,1.478087041646702,118.69362458827635,1,2,59.99057508414469,0,1
2024-06-10 03:01:37.297297296,Enugu,Trans-Ekulu,15,20.622123943462515,58.513892275470255,0,1,82.79568572709374,1,0
2024-06-11 05:20:00.000000000,Imo,Oguta,12,12.75868680288115,91.21785445363612,1,0,39.601298945901576,0,0
2024-06-12 07:38:22.702702704,Anambra,Nnewi,8,9.933255511349392,54.932176575516905,0,2,64.56979607484695,0,0
2024-06-13 09:56:45.405405408,Abia,Umuahia,19,1.6243320902762848,62.7393018583402,0,3,29.077023355399298,0,0
2024-06-14 12:15:08.108108112,Enugu,Thinkers Corner,3,4.661285533997047,47.54133994637524,0,3,13.400810224636125,0,0
2024-06-15 14:33:30.810810808,Ebonyi,Abakaliki,21,11.919227151143136,65.1761319947384,0,1,98.82500961908966,0,0
2024-06-16 16:51:53.513513512,Enugu,Trans-Ekulu,9,50.53016708892576,67.11436365102901,0,0,56.0709518929239,1,0
2024-06-17 19:10:16.216216216,Ebonyi,Ezza,21,2.4122607899372044,77.34868645310206,0,1,64.33987784623807,0,0
2024-06-18 21:28:38.918918920,Imo,Oguta,11,7.002711475284562,72.54862315247101,0,0,12.594759457039984,0,0
2024-06-19 23:47:01.621621624,Anambra,Nnewi,16,22.42055114212605,51.16960346072344,0,1,60.31057937585663,1,0
2024-06-21 02:05:24.324324328,Enugu,Independence Layout,13,2.955460315332481,69.52200343312147,0,0,98.34698240615518,0,0
2024-06-22 04:23:47.027027024,Abia,Arochukwu,13,22.637974229887995,108.94021333549614,1,1,36.676497948468146,1,1
2024-06-23 06:42:09.729729728,Imo,Owerri,1,0.9056017745013563,106.56781090823625,1,0,7.326016764641878,0,0
2024-06-24 09:00:32.432432432,Enugu,Trans-Ekulu,20,1.3783918001038304,89.1137405782938,0,2,50.519285809623334,0,1
2024-06-25 11:18:55.135135136,Abia,Bende,19,26.465376783890914,93.26198493480346,1,1,13.923092843691148,1,1
2024-06-26 13:37:17.837837840,Enugu,Abakpa,10,18.080993910241677,121.21645602270692,1,0,0.0,0,0
2024-06-27 15:55:40.540540544,Ebonyi,Ishieke,15,32.113671900281986,91.42495319176994,1,0,22.95702915777644,1,0
2024-06-28 18:14:03.243243240,Enugu,Nsukka,18,36.69511994961189,92.88379721075101,1,1,30.22206615671992,1,0
2024-06-29 20:32:25.945945944,Enugu,Abakpa,22,27.23249637269641,48.708339477729155,0,0,15.382506163471255,1,0
2024-06-30 22:50:48.648648648,Enugu,Abakpa,5,1.4284756967482353,57.747388775237226,0,2,84.79400346415682,0,0
2024-07-02 01:09:11.351351352,Imo,Mbaise,23,6.966261111923278,79.34619365997594,0,0,101.68830013918424,0,0
2024-07-03 03:27:34.054054056,Enugu,Trans-Ekulu,18,9.389703041450668,63.851155498515055,0,0,63.542640486222965,0,0
2024-07-04 05:45:56.756756760,Abia,Bende,4,16.979862376940083,60.040894259536564,0,1,56.52586476309181,0,0
2024-07-05 08:04:19.459459456,Ebonyi,Onueke,3,20.014412276272765,62.35081903535503,0,0,40.73855661866666,1,0
2024-07-06 10:22:42.162162160,Ebonyi,Abakaliki,14,6.5900053182639535,51.52858715637745,0,1,18.110015576608088,0,0
2024-07-07 12:41:04.864864864,Enugu,Abakpa,3,5.526212922122517,64.17231027835896,0,0,93.08730693220906,0,0
2024-07-08 14:59:27.567567568,Imo,Owerri,19,10.722990265868862,86.78871109621798,0,0,43.11439508728967,0,0
2024-07-09 17:17:50.270270272,Imo,Orlu,9,10.179962059540093,115.9264785296937,1,3,31.12243583800499,0,1
2024-07-10 19:36:12.972972976,Abia,Umuahia,23,4.244289835365947,95.93964365427237,1,0,75.44269872009608,0,1
2024-07-11 21:54:35.675675672,Enugu,Trans-Ekulu,21,1.8945293457835655,92.72310970078871,1,0,42.7924743035876,0,1
2024-07-13 00:12:58.378378376,Ebonyi,Onueke,2,6.358278482982635,47.52933231203188,0,0,74.31882729274437,0,0
2024-07-14 02:31:21.081081080,Imo,Orlu,4,15.995199804185724,82.38593410044034,0,0,32.70753880393369,0,0
2024-07-15 04:49:43.783783784,Enugu,Trans-Ekulu,5,8.76724880729076,78.6608019340572,0,1,75.5291077636102,0,0
2024-07-16 07:08:06.486486488,Imo,Oguta,20,0.5321211183408657,85.81482193902357,0,0,74.39301650824092,0,1
2024-07-17 09:26:29.189189192,Imo,Mbaise,21,13.660095032106339,72.78625061045082,0,1,84.74485265970279,0,0
2024-07-18 11:44:51.891891896,Ebonyi,Ezza,7,10.54419972841119,113.24153482029337,1,0,23.717254812195204,0,1
2024-07-19 14:03:14.594594592,Anambra,Nnewi,6,13.726558665482322,81.05551032595645,0,0,42.5088169086303,0,0
2024-07-20 16:21:37.297297296,Abia,Ohafia,20,21.526510371759375,83.00446709873745,0,1,103.43310236808746,1,0
2024-07-21 18:40:00.000000000,Abia,Bende,9,11.114019711796981,40.75119550306299,0,0,37.60763762686645,0,0
2024-07-22 20:58:22.702702704,Ebonyi,Ishieke,5,3.8120669953951487,77.86648636111357,0,1,69.3307739409743,0,0
2024-07-23 23:16:45.405405408,Imo,Mbaise,13,10.826424429483605,102.98518700061268,1,3,113.71695052865765,0,1
2024-07-25 01:35:08.108108112,Enugu,Nsukka,3,8.44363844784643,91.1115121628207,1,0,0.0,0,0
2024-07-26 03:53:30.810810808,Imo,Okigwe,12,18.556983121185993,36.88818120513783,0,0,36.61333086085274,0,0
2024-07-27 06:11:53.513513512,Ebonyi,Abakaliki,19,3.031187969252004,71.00649853707552,0,0,45.05610551675628,0,0
2024-07-28 08:30:16.216216216,Abia,Ohafia,16,29.07327267534069,114.63798934726006,1,2,0.0,1,1
2024-07-29 10:48:38.918918920,Imo,Okigwe,22,7.305657444848321,76.9871855943695,0,0,31.320863460583716,0,0
2024-07-30 13:07:01.621621624,Abia,Arochukwu,6,6.846555840437587,86.44831965422254,0,2,15.858561688378018,0,1
2024-07-31 15:25:24.324324328,Enugu,Trans-Ekulu,3,31.60211735683192,112.38018574574602,1,4,70.73056405052532,1,1
2024-08-01 17:43:47.027027024,Abia,Arochukwu,13,27.543698744450467,76.90771716906188,0,0,0.0,1,0
2024-08-02 20:02:09.729729728,Abia,Arochukwu,2,6.596008543787161,95.82059719915806,1,0,101.6796786594164,0,0
2024-08-03 22:20:32.432432432,Anambra,Ogidi,23,3.681878513703697,88.22791754316722,0,1,65.69692239773835,0,0
2024-08-05 00:38:55.135135136,Anambra,Ekwulobia,4,17.167886782874326,92.50297727020785,1,1,13.385352593188845,0,1
2024-08-06 02:57:17.837837840,Anambra,Awka,15,12.33197502532169,87.58431313666941,0,1,75.79258364615933,0,0
2024-08-07 05:15:40.540540544,Abia,Ohafia,22,6.3138710799687034,69.04740242970428,0,0,62.90939020552533,0,0
2024-08-08 07:34:03.243243240,Ebonyi,Ishieke,19,26.834242476642718,71.0440489715466,0,1,43.83697125627976,1,0
2024-08-09 09:52:25.945945944,Abia,Umuahia,3,8.40181121884983,62.9084763926335,0,0,23.35629352272401,0,0
2024-08-10 12:10:48.648648648,Ebonyi,Ishieke,23,4.130497132354094,47.20581762259422,0,0,61.429898460224514,0,0
2024-08-11 14:29:11.351351352,Ebonyi,Ishieke,23,14.859067454533538,104.89059821353285,1,1,48.68761097243788,0,0
2024-08-12 16:47:34.054054056,Anambra,Nnewi,1,2.269259160670045,80.20165933762419,0,1,24.322784632044463,0,0
2024-08-13 19:05:56.756756760,Imo,Mbaise,17,5.968119314513085,103.88320365048915,1,2,4.702347177114802,0,1
2024-08-14 21:24:19.459459456,Enugu,Trans-Ekulu,18,22.28222849699711,111.307453491693,1,0,19.482329374885992,1,1
2024-08-15 23:42:42.162162160,Anambra,Ekwulobia,18,11.163548851176362,81.06834961819088,0,1,29.901064330883244,0,0
2024-08-17 02:01:04.864864864,Anambra,Nnewi,16,12.03666618482786,53.7302173661875,0,1,79.87461852574424,0,0
2024-08-18 04:19:27.567567568,Imo,Okigwe,13,5.7144059536211875,76.07623708295068,0,1,70.82276849271724,0,0
2024-08-19 06:37:50.270270272,Enugu,Independence Layout,18,7.128209970982284,66.57712786473758,0,0,31.497973970577746,0,0
2024-08-20 08:56:12.972972976,Abia,Umuahia,21,2.807511378543737,40.39699081890025,0,1,32.66418120922821,0,0
2024-08-21 11:14:35.675675672,Abia,Bende,23,12.848621810821294,69.96542190142243,0,0,74.74056838655099,0,0
2024-08-22 13:32:58.378378376,Anambra,Ekwulobia,12,2.7665240636789927,78.56925575870974,0,1,53.02040248275789,0,0
2024-08-23 15:51:21.081081080,Enugu,Nsukka,11,2.5926230136206483,67.13351208470691,0,2,52.60244279622899,0,0
2024-08-24 18:09:43.783783784,Anambra,Ogidi,5,8.012161286045338,64.56909826097026,0,0,23.898737835170447,0,0
2024-08-25 20:28:06.486486488,Ebonyi,Ishieke,20,21.45024388722296,54.449283557340905,0,2,41.29743428855563,1,0
2024-08-26 22:46:29.189189192,Anambra,Nnewi,3,3.0998310915349276,83.91844296708555,0,0,45.12785001657264,0,0
2024-08-28 01:04:51.891891896,Anambra,Ekwulobia,18,20.666484956529345,117.38538566432482,1,1,42.26424759078867,1,0
2024-08-29 03:23:14.594594592,Abia,Ohafia,15,15.9030981545556,105.57247776102295,1,0,67.02203735567588,0,1
2024-08-30 05:41:37.297297296,Abia,Umuahia,12,0.475133346754493,93.0725377597393,1,0,67.96061518248149,0,1
2024-08-31 08:00:00.000000000,Abia,Isuikwuato,3,10.918673562338181,93.50818237862082,1,0,17.431264959013898,0,1
2024-09-01 10:18:22.702702704,Ebonyi,Onueke,22,2.9260963649746743,77.3471371148175,0,0,29.99356452747368,0,0
2024-09-02 12:36:45.405405408,Abia,Ohafia,16,9.47706808103812,43.90973641425919,0,1,24.37879400339111,0,0
2024-09-03 14:55:08.108108112,Enugu,Thinkers Corner,22,6.60977046981024,72.61136621078602,0,0,86.65577298330643,0,0
2024-09-04 17:13:30.810810808,Imo,Orlu,0,36.02622233732777,60.61444625335699,0,0,112.6047158929752,1,0
2024-09-05 19:31:53.513513512,Enugu,Abakpa,17,15.379352506298163,83.09393498690648,0,1,31.09135874589266,0,0
2024-09-06 21:50:16.216216216,Enugu,Trans-Ekulu,19,6.942301944566294,104.6642940787751,1,1,39.987142633293516,0,1
2024-09-08 00:08:38.918918920,Abia,Isuikwuato,16,11.586082559011366,119.46819180496921,1,0,70.26944493591994,0,0
2024-09-09 02:27:01.621621624,Imo,Okigwe,14,19.830707293835577,81.29242062361064,0,0,23.783667623108308,0,0
2024-09-10 04:45:24.324324328,Imo,Owerri,10,9.610659790527196,46.65687325645288,0,0,70.94724982747431,0,0
2024-09-11 07:03:47.027027024,Imo,Owerri,21,33.66565053487325,81.25352100323957,0,2,44.373922108133634,1,1
2024-09-12 09:22:09.729729728,Ebonyi,Ezza,12,9.99000486619205,81.79712325826765,0,1,0.0,0,0
2024-09-13 11:40:32.432432432,Abia,Arochukwu,0,13.167401349140679,93.57687741052398,1,1,5.986992588849162,0,1
2024-09-14 13:58:55.135135136,Imo,Mbaise,16,8.647159738658303,79.61608899198339,0,1,34.86437798247625,0,0
2024-09-15 16:17:17.837837840,Ebonyi,Onueke,5,4.659892085069622,81.3303654792136,0,1,81.68845664372537,0,0
2024-09-16 18:35:40.540540544,Anambra,Ekwulobia,3,6.278956109200082,67.35878484225883,0,1,18.223962048330655,0,0
2024-09-17 20:54:03.243243240,Anambra,Awka,19,9.071586098459882,73.76196033782243,0,0,28.976981960761055,0,0
2024-09-18 23:12:25.945945944,Ebonyi,Abakaliki,15,23.581615351028056,90.26464853630365,1,0,51.33372680347793,1,1
2024-09-20 01:30:48.648648648,Ebonyi,Ishieke,14,27.088573217472323,39.83032567712999,0,1,0.0,1,0
2024-09-21 03:49:11.351351352,Abia,Isuikwuato,14,36.67581971378094,73.6542286867235,0,1,53.956598431729425,1,0
2024-09-22 06:07:34.054054056,Abia,Ohafia,5,4.534581153718294,93.7579993599182,1,2,0.0,0,1
2024-09-23 08:25:56.756756760,Anambra,Onitsha,14,18.103291452040455,112.81457882011068,1,1,62.01552628385359,0,1
2024-09-24 10:44:19.459459456,Imo,Mbaise,13,24.642346895131,72.03327111739526,0,0,20.736657532878155,1,0
2024-09-25 13:02:42.162162160,Anambra,Nnewi,10,3.6211978867653882,103.70739561647575,1,1,16.73852579355554,0,0
2024-09-26 15:21:04.864864864,Imo,Oguta,6,10.5529157019782,113.80047690835886,1,1,53.18389873595381,0,0
2024-09-27 17:39:27.567567568,Imo,Mbaise,8,1.0655007448571279,72.29235197874644,0,0,68.81971528503198,0,0
2024-09-28 19:57:50.270270272,Abia,Isuikwuato,15,16.403625025982944,68.8358293433636,0,2,56.28779568171561,0,0
2024-09-29 22:16:12.972972976,Enugu,Abakpa,4,26.80882844120309,76.35851059816147,0,2,51.229304995510674,1,1
2024-10-01 00:34:35.675675672,Enugu,Trans-Ekulu,19,1.944767878201491,78.3609642987381,0,0,51.65406628251692,0,0
2024-10-02 02:52:58.378378376,Ebonyi,Onueke,9,5.004023199861706,101.81645335711039,1,2,56.46965663284985,0,0
2024-10-03 05:11:21.081081080,Abia,Bende,17,4.844134535662379,64.52549640980808,0,2,58.44108588145512,0,0
2024-10-04 07:29:43.783783784,Imo,Owerri,2,3.3920497470213515,110.76130872210939,1,1,33.1715684979914,0,0
2024-10-05 09:48:06.486486488,Enugu,Thinkers Corner,12,10.615778196016706,63.98484894547564,0,0,64.6350884634222,0,0
2024-10-06 12:06:29.189189192,Imo,Mbaise,10,15.232139586745431,54.71150160764873,0,2,21.054293244563986,0,0
2024-10-07 14:24:51.891891896,Enugu,Abakpa,16,17.327174779725052,90.47554423117357,1,1,77.74179790864125,0,1
2024-10-08 16:43:14.594594592,Enugu,Abakpa,21,20.897799121391625,104.61120857738413,1,0,68.47330946365446,1,1
2024-10-09 19:01:37.297297296,Enugu,Thinkers Corner,12,10.404503559993232,83.57310962025825,0,0,110.42703013754124,0,0
2024-10-10 21:20:00.000000000,Abia,Umuahia,5,7.585436877219928,88.70168795932547,0,0,60.41545353916709,0,0
2024-10-11 23:38:22.702702704,Anambra,Ekwulobia,16,36.237418214400584,119.08594476050624,1,1,72.27299059642769,1,1
2024-10-13 01:56:45.405405408,Imo,Oguta,12,10.515605003579989,104.89305563070602,1,1,0.0,0,0
2024-10-14 04:15:08.108108112,Abia,Isuikwuato,18,6.236535856311887,80.61850835564998,0,1,73.25090226917169,0,0
2024-10-15 06:33:30.810810808,Abia,Arochukwu,20,29.860724610662036,71.37706233636125,0,0,80.29368067092791,1,0
2024-10-16 08:51:53.513513512,Abia,Ohafia,18,7.880985269242897,101.90117732962771,1,0,90.14163880165353,0,1
2024-10-17 11:10:16.216216216,Abia,Isuikwuato,9,17.07820727855791,96.58567826851774,1,0,48.61399057024498,0,0
2024-10-18 13:28:38.918918920,Abia,Umuahia,2,5.935949015014014,88.37153365320165,0,1,34.74319871675969,0,0
2024-10-19 15:47:01.621621624,Ebonyi,Ishieke,13,16.14237247954032,73.45972628013024,0,3,12.314556741701367,0,0
2024-10-20 18:05:24.324324328,Imo,Orlu,18,17.5268644238157,78.47220727466333,0,1,15.058921143988837,0,0
2024-10-21 20:23:47.027027024,Abia,Arochukwu,4,29.81452678904445,77.04960870763888,0,1,44.23179976332851,1,0
2024-10-22 22:42:09.729729728,Imo,Okigwe,4,7.768339543019632,73.7926243283741,0,1,0.0,0,0
2024-10-24 01:00:32.432432432,Ebonyi,Ishieke,19,11.414186152843259,67.97703726808035,0,0,21.95344175756103,0,0
2024-10-25 03:18:55.135135136,Ebonyi,Abakaliki,16,14.188080313267342,85.30397271896604,0,0,47.68566152281954,0,0
2024-10-26 05:37:17.837837840,Imo,Owerri,20,10.216354548141545,67.07369408461312,0,1,47.01610358130634,0,0
2024-10-27 07:55:40.540540544,Enugu,Abakpa,9,4.803836631412909,83.54758341828935,0,3,15.918187398875105,0,0
2024-10-28 10:14:03.243243240,Anambra,Awka,4,22.862582327713426,38.00253535561907,0,3,7.984100686240893,1,0
2024-10-29 12:32:25.945945944,Enugu,Independence Layout,3,10.963146502370835,68.00251662798368,0,0,12.464626308419497,0,0
2024-10-30 14:50:48.648648648,Enugu,Independence Layout,5,1.6156137274827314,101.96658401388096,1,0,38.3744352358539,0,0
2024-10-31 17:09:11.351351352,Enugu,Thinkers Corner,3,2.8538847794078297,61.99141549071021,0,1,108.89391429249795,0,0
2024-11-01 19:27:34.054054056,Abia,Umuahia,6,7.359405054625275,91.84203922086286,1,1,76.81017258201815,0,1
2024-11-02 21:45:56.756756760,Ebonyi,Ezza,6,5.841698920391732,63.654324999338456,0,0,51.42583211652723,0,0
2024-11-04 00:04:19.459459456,Enugu,Thinkers Corner,17,2.2190988662317497,95.5157131358644,1,0,61.616722960311066,0,0
2024-11-05 02:22:42.162162160,Ebonyi,Ezza,2,3.071579342123989,74.05782105602918,0,0,75.47594621640424,0,0
2024-11-06 04:41:04.864864864,Imo,Mbaise,0,33.06724528849136,73.26706791269429,0,0,65.26855952786971,1,1
2024-11-07 06:59:27.567567568,Anambra,Awka,23,22.090904663340392,81.08702957094033,0,1,35.75370079718228,1,0
2024-11-08 09:17:50.270270272,Imo,Orlu,3,27.10366186101752,53.13146065756609,0,1,19.632353802853846,1,0
2024-11-09 11:36:12.972972976,Imo,Orlu,5,32.28128655932902,99.44181637512922,1,0,41.24177487823387,1,1
2024-11-10 13:54:35.675675672,Abia,Bende,8,7.321652942358894,106.06866883031475,1,1,75.12725000735762,0,1
2024-11-11 16:12:58.378378376,Anambra,Awka,21,16.14101977685317,72.79937006010086,0,0,36.88826473667277,0,0
2024-11-12 18:31:21.081081080,Imo,Orlu,13,0.45033578580237693,90.48408341803093,1,1,11.859731125870503,0,0
2024-11-13 20:49:43.783783784,Imo,Owerri,11,15.283779779768814,95.57821360424114,1,2,0.0,0,1
2024-11-14 23:08:06.486486488,Anambra,Awka,19,4.470517389044325,78.17484895336743,0,1,41.369077149653656,0,0
2024-11-16 01:26:29.189189192,Anambra,Awka,23,6.041902169683122,57.83505694564269,0,1,14.230732723864755,0,0
2024-11-17 03:44:51.891891896,Imo,Oguta,3,12.472116686302101,111.8816426390369,1,1,31.904523408711974,0,0
2024-11-18 06:03:14.594594592,Anambra,Awka,20,9.575645217967002,72.14956590142403,0,1,88.68697586559963,0,1
2024-11-19 08:21:37.297297296,Imo,Oguta,23,5.77863146890812,67.8173046157238,0,1,43.38450866259179,0,0
2024-11-20 10:40:00.000000000,Imo,Mbaise,11,6.085153467171496,112.77583862667852,1,0,22.486176757536672,0,1
2024-11-21 12:58:22.702702704,Abia,Arochukwu,9,3.6063820446357426,92.20117535112406,1,1,54.26253842975607,0,0
2024-11-22 15:16:45.405405408,Enugu,Trans-Ekulu,21,2.129537467710392,85.14860152116027,0,0,102.6286400124075,0,0
2024-11-23 17:35:08.108108112,Imo,Orlu,6,1.9621511053966223,60.58478673194899,0,1,41.37911254778923,0,0
2024-11-24 19:53:30.810810808,Ebonyi,Afikpo,2,18.825792994402754,96.05608116426441,1,1,0.0,0,0
2024-11-25 22:11:53.513513512,Enugu,Trans-Ekulu,22,7.742528927297783,137.9303721103949,1,0,64.50229729577939,0,0
2024-11-27 00:30:16.216216216,Enugu,Trans-Ekulu,13,28.82894178254681,97.61015327757079,1,0,55.39290182780511,1,1
2024-11-28 02:48:38.918918920,Enugu,Trans-Ekulu,23,17.13118228102745,89.9217699258513,0,1,47.70367066487178,0,0
2024-11-29 05:07:01.621621624,Abia,Bende,9,13.711521808942116,94.42185592972191,1,0,38.42468224017097,0,0
2024-11-30 07:25:24.324324328,Imo,Owerri,15,2.909136201581199,73.43769333662915,0,0,20.781834753456543,0,0
2024-12-01 09:43:47.027027024,Abia,Ohafia,15,2.8318464014302065,73.24698540813704,0,1,90.44922671801571,0,0
2024-12-02 12:02:09.729729728,Imo,Oguta,21,10.667162407100072,72.99109031527567,0,1,0.0,0,0
2024-12-03 14:20:32.432432432,Abia,Ohafia,9,10.014520403046083,68.50100089226247,0,1,35.731167575647824,0,0
2024-12-04 16:38:55.135135136,Abia,Ohafia,12,6.179419877862525,72.95110268447965,0,2,35.02979485242381,0,0
2024-12-05 18:57:17.837837840,Ebonyi,Abakaliki,5,13.352625657551016,72.85785615502162,0,0,70.6032540719158,0,0
2024-12-06 21:15:40.540540544,Abia,Umuahia,11,12.374259617466704,75.10630982331737,0,2,82.06981936151232,0,1
2024-12-07 23:34:03.243243240,Anambra,Awka,8,10.495953105213674,74.546439368398,0,0,38.19798569917522,0,0
2024-12-09 01:52:25.945945944,Ebonyi,Afikpo,12,23.246576098481157,84.86023714019402,0,1,50.7889755680606,1,0
2024-12-10 04:10:48.648648648,Abia,Bende,3,35.59246367868174,81.57586036415692,0,1,53.33960443431717,1,0
2024-12-11 06:29:11.351351352,Enugu,Trans-Ekulu,23,9.710584729578168,83.34724907023406,0,3,76.59978718228753,0,1
2024-12-12 08:47:34.054054056,Anambra,Ekwulobia,10,7.287363183802789,110.44595126688965,1,1,75.98191342089194,0,1
2024-12-13 11:05:56.756756760,Anambra,Ekwulobia,19,37.18145876680333,81.53468477433023,0,1,28.847593665032072,1,0
2024-12-14 13:24:19.459459456,Anambra,Nnewi,17,11.364213022412383,124.21781985601562,1,0,58.137042043089316,0,0
2024-12-15 15:42:42.162162160,Ebonyi,Onueke,10,18.284266476429377,87.05379079645223,0,1,56.49755377418592,0,0
2024-12-16 18:01:04.864864864,Abia,Bende,20,4.41531197939619,71.05480818234325,0,2,41.52270159450393,0,0
2024-12-17 20:19:27.567567568,Abia,Bende,3,4.331769883916335,106.99166478093998,1,0,56.21345202096479,0,0
2024-12-18 22:37:50.270270272,Enugu,Trans-Ekulu,17,7.347556961733932,78.40945464583602,0,0,45.60563285628675,0,0
2024-12-20 00:56:12.972972976,Enugu,Trans-Ekulu,0,11.080194386279707,32.12631696531743,0,1,49.73671797343459,0,0
2024-12-21 03:14:35.675675672,Anambra,Nnewi,6,11.827626900196769,79.91993716329632,0,1,4.31981064862503,0,0
2024-12-22 05:32:58.378378376,Enugu,Thinkers Corner,5,6.530074177067295,75.01648324112084,0,1,17.461158837941124,0,0
2024-12-23 07:51:21.081081080,Ebonyi,Ezza,14,14.095588347293852,112.1309477257667,1,1,69.53266528719574,0,0
2024-12-24 10:09:43.783783784,Abia,Arochukwu,17,13.153385555878883,62.04866629999266,0,0,8.682363695426439,0,0
2024-12-25 12:28:06.486486488,Anambra,Nnewi,23,30.926436138966217,73.34690363843455,0,1,59.10327627587081,1,0
2024-12-26 14:46:29.189189192,Enugu,Trans-Ekulu,10,4.508519584599997,105.35278752120917,1,0,42.55722056923647,0,0
2024-12-27 17:04:51.891891896,Ebonyi,Ezza,19,17.525200218943507,87.8881706544836,0,0,75.91964187989493,0,0
2024-12-28 19:23:14.594594592,Ebonyi,Ezza,23,9.536378187277435,76.57086350053733,0,1,64.46401626290056,0,0
2024-12-29 21:41:37.297297296,Enugu,Nsukka,14,5.847831382861939,64.87028667053931,0,0,31.401624886294947,0,0
2024-12-31 00:00:00.000000000,Abia,Umuahia,15,2.7793816161212392,87.03491453750061,0,0,38.3025495638535,0,0
2025-01-01 02:18:22.702702704,Enugu,Nsukka,6,11.379016549400989,79.41397713563462,0,0,0.0,0,0
2025-01-02 04:36:45.405405408,Anambra,Nnewi,20,7.310985978236558,64.64341469585605,0,2,41.088056544218134,0,1
2025-01-03 06:55:08.108108112,Enugu,Trans-Ekulu,9,10.658666973241433,65.6830691734427,0,0,6.895537721874291,0,0
2025-01-04 09:13:30.810810808,Ebonyi,Onueke,11,2.384314835584482,63.71055771109836,0,1,38.43880925974331,0,0
2025-01-05 11:31:53.513513512,Enugu,Abakpa,23,11.144369414651042,60.14888772472241,0,1,25.862452981323912,0,0
2025-01-06 13:50:16.216216216,Abia,Isuikwuato,13,10.529638827281381,98.68067519944671,1,3,18.70112394331557,0,1
2025-01-07 16:08:38.918918920,Imo,Oguta,4,18.57407816624532,95.98786717240876,1,0,80.63173536360642,0,0
2025-01-08 18:27:01.621621624,Enugu,Nsukka,20,29.114454138523094,98.71348912771586,1,0,6.7136730897883865,1,1
2025-01-09 20:45:24.324324328,Abia,Ohafia,17,13.634191060735322,80.08999097537048,0,1,16.108046597644638,0,0
2025-01-10 23:03:47.027027024,Abia,Bende,4,5.441882695177525,75.14742424399687,0,0,24.053668698297614,0,0
2025-01-12 01:22:09.729729728,Ebonyi,Afikpo,2,11.422581027053418,75.51235780217327,0,1,30.566458233882265,0,0
2025-01-13 03:40:32.432432432,Abia,Arochukwu,22,7.895312055244826,100.42203145812216,1,0,18.69664465585367,0,0
2025-01-14 05:58:55.135135136,Abia,Ohafia,4,13.32436692144804,43.59704356008342,0,0,34.22554523081122,0,0
2025-01-15 08:17:17.837837840,Abia,Isuikwuato,23,1.3586420603649325,69.71027793285155,0,2,54.06462950456594,0,0
2025-01-16 10:35:40.540540544,Abia,Umuahia,16,22.28709109116216,62.25308744991165,0,1,65.09576274086896,1,1
2025-01-17 12:54:03.243243240,Anambra,Nnewi,18,4.389665615631361,107.19775093176816,1,0,63.63923872230758,0,0
2025-01-18 15:12:25.945945944,Anambra,Nnewi,18,4.174485131010304,70.45084953105763,0,0,0.0,0,0
2025-01-19 17:30:48.648648648,Ebonyi,Ezza,20,10.007727847385958,47.280223291204514,0,2,56.40587680534312,0,0
2025-01-20 19:49:11.351351352,Enugu,Trans-Ekulu,11,7.864301656708226,84.46847284493579,0,1,58.2569547813938,0,0
2025-01-21 22:07:34.054054056,Abia,Ohafia,8,13.33728645627425,72.59771610212172,0,2,25.128025688664724,0,0
2025-01-23 00:25:56.756756760,Enugu,Independence Layout,0,10.868194519591503,68.86142384630077,0,0,95.03052618921416,0,0
2025-01-24 02:44:19.459459456,Enugu,Nsukka,17,19.646841219420836,66.79936086548345,0,1,77.62998695443761,0,0
2025-01-25 05:02:42.162162160,Ebonyi,Ishieke,20,8.164884562894976,66.01030441678387,0,2,39.50926850576867,0,0
2025-01-26 07:21:04.864864864,Abia,Umuahia,3,11.248115650397438,94.1712062971329,1,0,27.120950841953018,0,0
2025-01-27 09:39:27.567567568,Abia,Bende,9,31.931450838082707,84.47574733115687,0,0,94.54333382828878,1,1
2025-01-28 11:57:50.270270272,Imo,Owerri,6,4.467511834493249,76.04068488738942,0,1,44.429587864216366,0,0
2025-01-29 14:16:12.972972976,Enugu,Nsukka,21,3.3301500602317864,58.035222463073275,0,1,47.551111729812206,0,0
2025-01-30 16:34:35.675675672,Enugu,Trans-Ekulu,22,10.215827201645185,76.62213353224159,0,0,47.17369791377548,0,0
2025-01-31 18:52:58.378378376,Anambra,Ogidi,0,1.4033214237552192,85.21255715200053,0,0,114.09313413647942,0,0
2025-02-01 21:11:21.081081080,Imo,Mbaise,16,3.621483546536815,85.97308896518982,0,1,38.504542076788816,0,0
2025-02-02 23:29:43.783783784,Anambra,Ogidi,23,2.6344450439330487,83.21768765983538,0,1,44.2907406960355,0,0
2025-02-04 01:48:06.486486488,Anambra,Ekwulobia,1,0.2615491233625784,61.54814666344943,0,2,20.06812011003422,0,0
2025-02-05 04:06:29.189189192,Anambra,Ekwulobia,10,4.695539717255311,31.93646814815962,0,1,33.31501673209081,0,0
2025-02-06 06:24:51.891891896,Ebonyi,Ezza,8,7.176058210135595,115.99237520103867,1,1,14.05823417140505,0,0
2025-02-07 08:43:14.594594592,Ebonyi,Ezza,6,5.050470129911765,53.80726251782937,0,2,20.678002409006343,0,1
2025-02-08 11:01:37.297297296,Anambra,Ekwulobia,21,2.447723118593868,40.700840826661235,0,1,0.0,0,0
2025-02-09 13:20:00.000000000,Imo,Orlu,16,0.3900897662059817,82.61031226008191,0,0,71.44573712936304,0,0
2025-02-10 15:38:22.702702704,Enugu,Thinkers Corner,16,6.307684591170676,45.82962993538558,0,1,49.702390127577395,0,0
2025-02-11 17:56:45.405405408,Imo,Okigwe,1,7.219983527379817,63.90402502850229,0,3,52.17327876842461,0,0
2025-02-12 20:15:08.108108112,Abia,Umuahia,5,1.2837422430241645,90.97700851617657,1,1,43.426850804013945,0,1
2025-02-13 22:33:30.810810808,Ebonyi,Ezza,13,6.190336574004204,115.45374536948091,1,0,47.15298052552028,0,0
2025-02-15 00:51:53.513513512,Enugu,Trans-Ekulu,5,8.143836292467494,87.75023616544753,0,1,93.5741721375131,0,0
2025-02-16 03:10:16.216216216,Enugu,Nsukka,1,11.199562303384115,71.21681458246239,0,2,21.93681624495778,0,0
2025-02-17 05:28:38.918918920,Abia,Arochukwu,0,14.798314412234971,78.97160891186316,0,0,53.350703948375475,0,0
2025-02-18 07:47:01.621621624,Abia,Bende,9,18.506197295199303,43.82828085650195,0,1,53.18973428475026,0,0
2025-02-19 10:05:24.324324328,Anambra,Onitsha,20,4.379494071797273,70.984957816697,0,0,79.25967685187274,0,0
2025-02-20 12:23:47.027027024,Ebonyi,Afikpo,4,4.6863842924473165,71.00436792146111,0,2,58.15964437661253,0,0
2025-02-21 14:42:09.729729728,Ebonyi,Ezza,1,2.7973012974601756,83.0665732427436,0,0,59.66756534482052,0,0
2025-02-22 17:00:32.432432432,Imo,Orlu,21,7.914670463796577,118.84379225387542,1,1,7.251912883804309,0,0
2025-02-23 19:18:55.135135136,Anambra,Nnewi,15,7.3967284824552495,41.26409422535522,0,1,20.73292944885055,0,0
2025-02-24 21:37:17.837837840,Anambra,Nnewi,1,0.20172569112052108,71.84644776851026,0,1,9.993347878092216,0,0
2025-02-25 23:55:40.540540544,Anambra,Onitsha,9,1.804306501080635,43.329809120163084,0,0,0.0,0,0
2025-02-27 02:14:03.243243240,Anambra,Ogidi,1,8.457432046526318,69.93271813498984,0,1,56.91598008322913,0,0
2025-02-28 04:32:25.945945944,Ebonyi,Ezza,15,11.042351646479617,62.707957177640125,0,0,37.15113480275961,0,0
2025-03-01 06:50:48.648648648,Ebonyi,Onueke,15,2.862687925882993,50.113073849972,0,1,56.97215065739078,0,0
2025-03-02 09:09:11.351351352,Anambra,Ogidi,18,20.08093174670063,98.26184061059558,1,2,46.064678416065014,1,1
2025-03-03 11:27:34.054054056,Imo,Orlu,6,22.59102987035394,85.1129540770086,0,1,52.213089456108285,1,1
2025-03-04 13:45:56.756756760,Enugu,Nsukka,21,5.169764719899503,95.91711259308092,1,0,85.14346235315107,0,1
2025-03-05 16:04:19.459459456,Enugu,Thinkers Corner,11,7.521186274810383,69.36692350665011,0,2,45.21885267827861,0,0
2025-03-06 18:22:42.162162160,Imo,Okigwe,23,8.34025187832299,78.58567048439835,0,0,65.06967654311478,0,0
2025-03-07 20:41:04.864864864,Anambra,Onitsha,14,11.90268151375972,111.89281282432628,1,0,35.932689418977716,0,0
2025-03-08 22:59:27.567567568,Ebonyi,Ezza,7,8.031482890971429,79.94559609781774,0,1,69.74364360036776,0,0
2025-03-10 01:17:50.270270272,Enugu,Trans-Ekulu,5,9.111986027225539,96.15913098318883,1,0,7.810870358406575,0,0
2025-03-11 03:36:12.972972976,Abia,Bende,9,2.6933324265378054,67.65087394566542,0,1,0.0,0,0
2025-03-12 05:54:35.675675672,Abia,Arochukwu,2,3.9278240349470894,94.3203468672852,1,1,108.19981414993308,0,0
2025-03-13 08:12:58.378378376,Imo,Oguta,18,8.332172794228642,69.02161280389397,0,0,100.08912456939733,0,0
2025-03-14 10:31:21.081081080,Anambra,Ogidi,16,9.473401269011086,42.07155247880655,0,0,0.0,0,0
2025-03-15 12:49:43.783783784,Enugu,Nsukka,6,30.425333689207122,79.84834224157916,0,1,43.916600220711686,1,0
2025-03-16 15:08:06.486486488,Anambra,Awka,20,13.354572577230583,70.59393714792076,0,3,49.49749029235926,0,1
2025-03-17 17:26:29.189189192,Enugu,Abakpa,19,2.4629974414238753,47.504372812054754,0,0,66.68914745905167,0,0
2025-03-18 19:44:51.891891896,Imo,Oguta,3,6.910444733404399,83.82985703346348,0,0,97.17626689653699,0,0
2025-03-19 22:03:14.594594592,Imo,Owerri,13,6.4808460984760945,62.12947030093357,0,1,13.157692439426466,0,0
2025-03-21 00:21:37.297297296,Abia,Bende,19,7.58531005129722,141.85282556925364,1,2,14.769545234536565,0,1
2025-03-22 02:40:00.000000000,Anambra,Onitsha,21,10.61288956771659,50.71115533172665,0,0,44.964864714263584,0,0
2025-03-23 04:58:22.702702704,Abia,Umuahia,14,5.6210286327534815,55.74150115099721,0,1,16.09265898343586,0,0
2025-03-24 07:16:45.405405408,Anambra,Nnewi,23,24.227649902305515,97.39102213295581,1,1,0.0,1,1
2025-03-25 09:35:08.108108112,Abia,Umuahia,7,2.1572646631747676,77.33956238719821,0,1,38.18279805675328,0,0
2025-03-26 11:53:30.810810808,Ebonyi,Abakaliki,20,8.324124797341522,96.98404618524437,1,3,70.72631721470071,0,1
2025-03-27 14:11:53.513513512,Ebonyi,Ezza,14,34.458602920583985,87.60782107795802,0,2,44.385978433840435,1,0
2025-03-28 16:30:16.216216216,Ebonyi,Afikpo,21,4.762150712459983,68.35385744137636,0,0,63.72135777449407,0,0
2025-03-29 18:48:38.918918920,Ebonyi,Onueke,19,4.857228062514474,52.418152138407365,0,0,59.43018611862756,0,0
2025-03-30 21:07:01.621621624,Enugu,Nsukka,13,32.79030923820969,101.42166161456063,1,0,14.190431238240958,1,1
2025-03-31 23:25:24.324324328,Ebonyi,Ishieke,8,12.608264180804449,54.23099628821401,0,2,47.040646331371654,0,0
2025-04-02 01:43:47.027027024,Imo,Owerri,7,8.673466657475156,91.17811922328322,1,2,0.0,0,1
2025-04-03 04:02:09.729729728,Imo,Mbaise,16,8.584208440162659,98.37997514513697,1,2,29.642680155443877,0,1
2025-04-04 06:20:32.432432432,Enugu,Abakpa,1,22.107942805789616,77.46164391940079,0,0,46.513595533557975,1,0
2025-04-05 08:38:55.135135136,Ebonyi,Ishieke,23,5.1715082179610725,73.91704928624394,0,1,44.96542001135782,0,0
2025-04-06 10:57:17.837837840,Ebonyi,Onueke,2,2.023252814537913,60.3254779067796,0,1,6.271953695682868,0,0
2025-04-07 13:15:40.540540544,Ebonyi,Afikpo,7,2.215172069915211,89.25485433408603,0,1,12.330135413833418,0,0
2025-04-08 15:34:03.243243240,Abia,Ohafia,11,12.225327102341529,20.0,0,0,53.72878888973687,0,0
2025-04-09 17:52:25.945945944,Anambra,Onitsha,0,3.9820192618426233,94.31452678113621,1,1,69.82180305909903,0,1
2025-04-10 20:10:48.648648648,Abia,Isuikwuato,9,10.62756725573538,82.38952681951427,0,3,38.79097519530308,0,0
2025-04-11 22:29:11.351351352,Anambra,Onitsha,19,2.583322954558128,75.54368600560636,0,1,37.28919962240337,0,0
2025-04-13 00:47:34.054054056,Ebonyi,Ezza,2,13.987537015693215,84.84604549327695,0,1,72.93828000008766,0,0
2025-04-14 03:05:56.756756752,Ebonyi,Abakaliki,5,41.34179207258365,52.52887216135743,0,1,21.838016579182078,1,0
2025-04-15 05:24:19.459459456,Abia,Umuahia,6,11.62344403491283,31.74014623848234,0,0,96.81088698312351,0,1
2025-04-16 07:42:42.162162160,Abia,Isuikwuato,19,24.68597723503584,89.37150139907924,0,0,4.6418188605075414,1,0
2025-04-17 10:01:04.864864864,Anambra,Ekwulobia,22,4.482640538325024,106.33092344369379,1,0,76.45488994466382,0,1
2025-04-18 12:19:27.567567568,Imo,Okigwe,17,1.0327732232802855,45.21196056126526,0,3,61.17503532459172,0,0
2025-04-19 14:37:50.270270272,Anambra,Ekwulobia,10,0.4457715068819385,58.95039846007174,0,0,117.30361567185575,0,0
2025-04-20 16:56:12.972972976,Abia,Umuahia,18,44.80788916197308,95.04649786054874,1,4,11.364920388536767,1,1
2025-04-21 19:14:35.675675680,Abia,Umuahia,4,9.428050287029084,87.17779519893705,0,1,0.0,0,0
2025-04-22 21:32:58.378378384,Enugu,Abakpa,18,4.722391231774771,139.26216912613415,1,0,82.48339101886174,0,1
2025-04-23 23:51:21.081081088,Abia,Bende,10,6.336445412162005,101.51314937651797,1,1,0.8599947804064598,0,0
2025-04-25 02:09:43.783783792,Enugu,Thinkers Corner,23,1.0637720110099846,96.70848943786098,1,0,63.47329476414264,0,0
2025-04-26 04:28:06.486486480,Imo,Okigwe,11,10.784107785672447,64.72422600010235,0,0,80.46453241881771,0,0
2025-04-27 06:46:29.189189184,Anambra,Ogidi,9,14.968558182892314,90.49611592781365,1,0,56.39282294153257,0,1
2025-04-28 09:04:51.891891888,Anambra,Ogidi,7,2.6595285698158495,109.9082732495074,1,1,51.96542659506581,0,1
2025-04-29 11:23:14.594594592,Enugu,Abakpa,23,12.004549640823374,76.71218469854189,0,0,57.028201044208345,0,0
2025-04-30 13:41:37.297297296,Anambra,Ogidi,8,51.802427927440604,77.65570852525735,0,0,70.12265680114034,1,0
2025-05-01 16:00:00.000000000,Abia,Umuahia,3,16.57501862819729,82.82707053213866,0,0,62.61205454289053,0,0
2025-05-02 18:18:22.702702704,Ebonyi,Abakaliki,4,8.862365029286902,66.7100263705553,0,0,8.50248579626534,0,0
2025-05-03 20:36:45.405405408,Enugu,Abakpa,20,2.1559086289766713,85.37927028246628,0,1,99.7499916554755,0,0
2025-05-04 22:55:08.108108112,Anambra,Ekwulobia,7,17.637789357394247,84.87944276551363,0,3,46.53324104630706,0,1
2025-05-06 01:13:30.810810816,Enugu,Abakpa,22,12.909490924863135,109.59972826361313,1,0,60.55024759438514,0,1
2025-05-07 03:31:53.513513520,Enugu,Independence Layout,8,4.526553647595959,76.21215114978594,0,2,66.32967052580588,0,0
2025-05-08 05:50:16.216216224,Ebonyi,Ishieke,14,12.87912853746178,93.49457092127012,1,3,79.67783405643857,0,1
2025-05-09 08:08:38.918918912,Abia,Bende,14,2.213611262995654,76.80869436015898,0,0,76.56320467423907,0,0
2025-05-10 10:27:01.621621616,Enugu,Trans-Ekulu,15,10.032094786020009,92.7951888356449,1,2,48.952104793424766,0,0
2025-05-11 12:45:24.324324320,Anambra,Onitsha,13,6.9477741310650964,74.99883088416205,0,1,47.023994537543715,0,0
2025-05-12 15:03:47.027027024,Imo,Owerri,7,29.767075573517076,91.46945973890412,1,2,57.258329489066895,1,1
2025-05-13 17:22:09.729729728,Enugu,Nsukka,17,8.533947971796707,94.56471658176896,1,3,78.001830178604,0,1
2025-05-14 19:40:32.432432432,Enugu,Abakpa,9,46.49991230522202,58.66687733884382,0,0,11.621349455013473,1,0
2025-05-15 21:58:55.135135136,Ebonyi,Afikpo,19,8.27631863313118,102.04750841341202,1,1,64.32286266725879,0,1
2025-05-17 00:17:17.837837840,Abia,Isuikwuato,5,13.075713959611356,76.67045226103957,0,0,18.41032185012006,0,0
2025-05-18 02:35:40.540540544,Imo,Owerri,11,25.366060304794267,70.60406610747701,0,1,100.53640575004411,1,0
2025-05-19 04:54:03.243243248,Anambra,Nnewi,1,16.998346237801616,65.79983776659957,0,0,56.019425039534326,0,0
2025-05-20 07:12:25.945945952,Imo,Oguta,6,0.3996150451533124,85.96400556196483,0,0,32.51917276047396,0,0
2025-05-21 09:30:48.648648656,Anambra,Ogidi,15,12.977392799277315,79.90756622192956,0,0,57.86149805006688,0,0
2025-05-22 11:49:11.351351344,Abia,Ohafia,2,12.289095658914581,87.41614371083372,0,1,45.27604973059359,0,0
2025-05-23 14:07:34.054054048,Anambra,Ogidi,12,1.2282980412316151,87.80441568636958,0,0,40.194391130027164,0,0
2025-05-24 16:25:56.756756752,Ebonyi,Abakaliki,2,19.108165543759426,92.17169290700356,1,2,0.0,0,0
2025-05-25 18:44:19.459459456,Ebonyi,Abakaliki,17,1.3515639824226833,135.52568232306118,1,0,14.274209904668545,0,0
2025-05-26 21:02:42.162162160,Ebonyi,Onueke,10,14.437082387535163,80.79383514663702,0,0,40.786407015524574,0,0
2025-05-27 23:21:04.864864864,Ebonyi,Ezza,7,7.53476569978098,65.30853226854853,0,1,0.0,0,0
2025-05-29 01:39:27.567567568,Imo,Orlu,5,14.862734900137001,39.60373335323532,0,1,27.384711079271376,0,0
2025-05-30 03:57:50.270270272,Abia,Bende,0,10.100229663083224,56.09366403618827,0,0,30.00375711638924,0,0
2025-05-31 06:16:12.972972976,Anambra,Ogidi,0,7.602280782199397,104.70697301505821,1,2,21.61672119786205,0,0
2025-06-01 08:34:35.675675680,Anambra,Onitsha,22,8.631116317110402,94.39849013546214,1,0,68.17064440993921,0,0
2025-06-02 10:52:58.378378384,Ebonyi,Onueke,7,1.8585125283274901,53.00027906970013,0,0,18.59492044205585,0,0
2025-06-03 13:11:21.081081088,Ebonyi,Onueke,4,19.79025374951097,129.2842488199844,1,1,47.65226436229692,0,0
2025-06-04 15:29:43.783783792,Enugu,Trans-Ekulu,15,2.4978692825066275,86.53528955323017,0,0,34.405081230282754,0,0
2025-06-05 17:48:06.486486480,Abia,Umuahia,10,10.957762432131275,89.20633439760678,0,0,41.436082106035954,0,0
2025-06-06 20:06:29.189189184,Imo,Orlu,4,10.43801689449291,124.88450359872161,1,0,93.19202257953394,0,1
2025-06-07 22:24:51.891891888,Anambra,Ogidi,3,19.815518734019584,114.78911441656426,1,3,50.39059055499524,0,1
2025-06-09 00:43:14.594594592,Enugu,Thinkers Corner,5,5.400086847209224,95.62274951664321,1,1,56.19098674578865,0,0
2025-06-10 03:01:37.297297296,Enugu,Independence Layout,13,1.8653622271644696,96.58427881652511,1,1,22.037487383607964,0,0
2025-06-11 05:20:00.000000000,Anambra,Onitsha,21,8.778591871347638,98.45570192341734,1,0,63.78449031886912,0,1
2025-06-12 07:38:22.702702704,Imo,Mbaise,18,12.462692880218952,75.18065736575969,0,0,62.51909720543503,0,0
2025-06-13 09:56:45.405405408,Enugu,Abakpa,8,8.573989878496885,85.73585795088394,0,0,59.628260011161345,0,0
2025-06-14 12:15:08.108108112,Enugu,Nsukka,11,20.581472606392914,91.48640988149425,1,0,8.724695463520447,1,0
2025-06-15 14:33:30.810810816,Abia,Bende,10,8.325556302712043,77.46434811243176,0,1,27.442583460957195,0,0
2025-06-16 16:51:53.513513520,Imo,Orlu,13,0.5149524197449339,60.69160980568894,0,1,88.00740190704875,0,0
2025-06-17 19:10:16.216216224,Enugu,Trans-Ekulu,22,3.141947137109963,74.67739197382664,0,1,24.36766602938192,0,0
2025-06-18 21:28:38.918918912,Imo,Mbaise,15,27.74026175966681,60.241347841881584,0,0,92.09964077263892,1,1
2025-06-19 23:47:01.621621616,Anambra,Onitsha,0,11.069046094193418,81.28745141744461,0,1,28.608102688487794,0,0
2025-06-21 02:05:24.324324320,Ebonyi,Ishieke,12,3.114676148990019,44.39085695986974,0,1,49.44648462158467,0,0
2025-06-22 04:23:47.027027024,Enugu,Thinkers Corner,22,10.389479296227423,86.82077021015095,0,2,39.38492297227608,0,0
2025-06-23 06:42:09.729729728,Abia,Isuikwuato,20,7.9296078567689365,47.374510088636704,0,0,19.655841534550085,0,1
2025-06-24 09:00:32.432432432,Anambra,Ogidi,20,8.654330745463719,71.9305388001399,0,1,20.087730612909496,0,0
2025-06-25 11:18:55.135135136,Imo,Orlu,12,0.5871812278543416,90.08202148961692,1,0,23.872709805307945,0,0
2025-06-26 13:37:17.837837840,Anambra,Awka,1,11.969022905679367,95.8229342302506,1,1,49.44192844348725,0,0
2025-06-27 15:55:40.540540544,Enugu,Trans-Ekulu,3,1.4380156121746532,93.44718417767002,1,1,71.71252571985812,0,1
2025-06-28 18:14:03.243243248,Imo,Okigwe,5,2.8549659854614284,86.39467828947761,0,0,47.49469958141987,0,0
2025-06-29 20:32:25.945945952,Ebonyi,Afikpo,22,3.249479855461648,57.61453369505016,0,1,43.99865290363352,0,0
2025-06-30 22:50:48.648648656,Anambra,Onitsha,4,4.233283058276328,99.61216709733515,1,0,81.31134166026891,0,0
2025-07-02 01:09:11.351351344,Enugu,Trans-Ekulu,2,8.95187809758792,58.07197270989778,0,0,46.240145308989405,0,0
2025-07-03 03:27:34.054054048,Abia,Umuahia,0,9.688557915170641,101.8915164090865,1,0,28.71409184665959,0,0
2025-07-04 05:45:56.756756752,Imo,Orlu,3,17.515101602913035,92.55409514963411,1,0,15.067767640896012,0,0
2025-07-05 08:04:19.459459456,Anambra,Awka,19,32.877143846005964,107.17803029479076,1,0,83.11341850975853,1,1
2025-07-06 10:22:42.162162160,Anambra,Ekwulobia,1,22.26660532765256,80.49736968032593,0,0,35.11807469513092,1,0
2025-07-07 12:41:04.864864864,Ebonyi,Onueke,4,2.6761058154419026,63.62471785577958,0,0,27.642786168783953,0,0
2025-07-08 14:59:27.567567568,Ebonyi,Abakaliki,2,10.55506839686717,54.146949516815,0,2,25.04870329281821,0,0
2025-07-09 17:17:50.270270272,Abia,Bende,8,21.074067530514597,56.36841330854148,0,2,81.42571666463185,1,1
2025-07-10 19:36:12.972972976,Abia,Umuahia,19,17.417276492501205,47.26450502785974,0,1,27.810780201953254,0,0
2025-07-11 21:54:35.675675680,Enugu,Thinkers Corner,5,33.62886141411392,98.8400583387313,1,1,74.71388273025282,1,1
2025-07-13 00:12:58.378378384,Enugu,Independence Layout,17,11.374803760049444,101.34833906064799,1,0,38.08776268771592,0,0
2025-07-14 02:31:21.081081088,Abia,Isuikwuato,5,5.553271213655853,91.07399850513696,1,1,8.748590069192296,0,0
2025-07-15 04:49:43.783783792,Abia,Isuikwuato,18,19.06499187358817,79.33918175853442,0,0,35.025249185402984,0,0
2025-07-16 07:08:06.486486480,Imo,Owerri,11,11.201095169408944,121.21918872925025,1,1,44.016205966561785,0,0
2025-07-17 09:26:29.189189184,Ebonyi,Afikpo,10,14.317691342875488,78.03703034071985,0,2,41.544876216859514,0,0
2025-07-18 11:44:51.891891888,Enugu,Abakpa,1,28.019422293199376,84.41833616287786,0,0,40.800488913715945,1,1
2025-07-19 14:03:14.594594592,Ebonyi,Afikpo,14,11.66036851748259,79.04296973341762,0,1,35.34165170484543,0,0
2025-07-20 16:21:37.297297296,Ebonyi,Afikpo,11,21.917631173828415,73.23383867073105,0,1,21.44970120892113,1,0
2025-07-21 18:40:00.000000000,Abia,Umuahia,11,5.513472367271411,92.61948979662196,1,1,45.3221269132258,0,0
2025-07-22 20:58:22.702702704,Imo,Owerri,8,3.176547291395477,67.33006621590954,0,1,61.228452621837775,0,0
2025-07-23 23:16:45.405405408,Anambra,Awka,20,9.318377745761394,65.9884434697072,0,1,1.1221271820086258,0,0
2025-07-25 01:35:08.108108112,Imo,Owerri,23,8.20410855855958,93.62938770818708,1,0,83.9718665415662,0,1
2025-07-26 03:53:30.810810816,Imo,Oguta,1,21.82178870122468,70.04783266875322,0,0,0.0,1,0
2025-07-27 06:11:53.513513520,Ebonyi,Abakaliki,21,29.468105083092656,82.66964056150358,0,0,47.257457242990476,1,0
2025-07-28 08:30:16.216216224,Imo,Oguta,2,28.88014440504795,73.17343760472946,0,0,58.98260806420275,1,0
2025-07-29 10:48:38.918918912,Enugu,Nsukka,11,2.3523228307439155,79.76897403546704,0,1,26.89941570314928,0,0
2025-07-30 13:07:01.621621616,Ebonyi,Abakaliki,15,5.5229218989592,66.53421763066753,0,2,0.0,0,0
2025-07-31 15:25:24.324324320,Enugu,Independence Layout,20,5.6943659467269105,67.18822494501813,0,0,42.09827699723857,0,0
2025-08-01 17:43:47.027027024,Anambra,Ekwulobia,23,3.800589632043714,63.605357563794314,0,0,50.09087773810301,0,0
2025-08-02 20:02:09.729729728,Ebonyi,Afikpo,0,5.623264926194975,96.86660219722903,1,1,10.538437962714013,0,0
2025-08-03 22:20:32.432432432,Anambra,Ogidi,20,29.2326527968224,83.4376966850266,0,0,20.095997682586216,1,0
2025-08-05 00:38:55.135135136,Ebonyi,Ezza,2,19.58803929538342,98.37101647587329,1,1,73.88136288191352,0,1
2025-08-06 02:57:17.837837840,Abia,Ohafia,19,4.13907095279552,100.50773129087924,1,1,48.53045279105327,0,1
2025-08-07 05:15:40.540540544,Imo,Orlu,1,7.252410798221192,70.80171345728652,0,1,0.0,0,0
2025-08-08 07:34:03.243243248,Abia,Arochukwu,8,11.891730597859594,97.63169968777127,1,2,58.49489753265394,0,1
2025-08-09 09:52:25.945945952,Anambra,Ogidi,18,0.7218513108588396,79.71758556133135,0,0,17.084435040648962,0,0
2025-08-10 12:10:48.648648656,Imo,Owerri,14,7.190425192352762,76.82652989041496,0,0,21.757127015200556,0,0
2025-08-11 14:29:11.351351344,Ebonyi,Onueke,17,7.0495772190089685,105.0473419332155,1,2,50.92972178042394,0,1
2025-08-12 16:47:34.054054048,Imo,Oguta,10,6.802203590200101,91.07536925630863,1,1,48.134700828574054,0,0
2025-08-13 19:05:56.756756752,Enugu,Independence Layout,22,19.95302029395841,72.95151489872545,0,0,32.921803765235055,0,0
2025-08-14 21:24:19.459459456,Imo,Owerri,15,6.771680148425405,89.77586631053296,0,2,29.873718762544407,0,0
2025-08-15 23:42:42.162162160,Enugu,Thinkers Corner,21,0.55446645233839,54.68574695660821,0,4,37.47602883825164,0,0
2025-08-17 02:01:04.864864864,Imo,Oguta,16,21.330602411237663,84.94625962279234,0,0,21.582195207821012,1,0
2025-08-18 04:19:27.567567568,Enugu,Thinkers Corner,4,4.754181635563676,50.008168982836324,0,1,77.67036755332627,0,0
2025-08-19 06:37:50.270270272,Anambra,Ekwulobia,11,3.230545904435769,60.31200748263634,0,1,0.0,0,0
2025-08-20 08:56:12.972972976,Abia,Arochukwu,10,4.985108491141601,91.69279396538238,1,1,37.77364216280024,0,0
2025-08-21 11:14:35.675675680,Ebonyi,Ishieke,14,29.99806920964957,26.595080051463796,0,0,1.2178477986435325,1,0
2025-08-22 13:32:58.378378384,Imo,Okigwe,2,1.2569752000277512,116.0502371814951,1,0,73.08005241835565,0,1
2025-08-23 15:51:21.081081088,Abia,Bende,0,13.219726112927846,96.68985441409203,1,2,37.730689980390764,0,1
2025-08-24 18:09:43.783783792,Ebonyi,Ishieke,19,5.7119802194371125,43.22933755020524,0,3,13.299942213566624,0,0
2025-08-25 20:28:06.486486480,Ebonyi,Abakaliki,15,12.80798432078361,127.9699721338646,1,2,65.55142878785057,0,1
2025-08-26 22:46:29.189189184,Enugu,Thinkers Corner,1,1.5144172810355372,133.48207784972035,1,3,0.0,0,0
2025-08-28 01:04:51.891891888,Anambra,Awka,1,7.554812592606363,76.39016682020524,0,0,53.42652075416964,0,0
2025-08-29 03:23:14.594594592,Anambra,Awka,2,7.228440770119838,61.47021870599513,0,0,79.53867565613243,0,0
2025-08-30 05:41:37.297297296,Abia,Ohafia,7,7.22823685111851,113.72607148405729,1,0,50.38630673588337,0,1
2025-08-31 08:00:00.000000000,Anambra,Ekwulobia,23,1.8148816905873577,73.12419725119481,0,1,29.804686596477517,0,0
2025-09-01 10:18:22.702702704,Imo,Orlu,14,4.159645656987133,83.22079015625708,0,1,7.734541145718829,0,0
2025-09-02 12:36:45.405405408,Anambra,Nnewi,6,9.38774322374548,104.34579467845535,1,1,77.47543906267524,0,1
2025-09-03 14:55:08.108108112,Abia,Ohafia,5,0.14373795235463224,76.92977072413606,0,0,72.82265572926903,0,0
2025-09-04 17:13:30.810810816,Anambra,Onitsha,8,1.4206812441869567,75.17891499366664,0,0,25.63914507326936,0,0
2025-09-05 19:31:53.513513520,Imo,Orlu,19,8.406512441561821,54.552100455895626,0,1,26.440874591714163,0,0
2025-09-06 21:50:16.216216224,Enugu,Thinkers Corner,0,10.420789785864608,67.3891380852397,0,1,80.60301300679951,0,0
2025-09-08 00:08:38.918918912,Abia,Ohafia,7,6.225714561158585,74.78460307487863,0,6,60.94839440365634,0,1
2025-09-09 02:27:01.621621616,Enugu,Nsukka,22,9.17434666906104,55.228736219306654,0,0,0.0,0,0
2025-09-10 04:45:24.324324320,Enugu,Trans-Ekulu,22,4.556113952498854,57.04128363581245,0,0,39.12892785891023,0,0
2025-09-11 07:03:47.027027024,Enugu,Trans-Ekulu,2,19.68392683600636,80.6720263328798,0,0,38.02330656666509,0,0
2025-09-12 09:22:09.729729728,Ebonyi,Ezza,3,27.99676546797594,43.00591708656079,0,1,52.429034178888145,1,0
2025-09-13 11:40:32.432432432,Ebonyi,Ishieke,14,1.593542412843871,62.41673968757337,0,2,45.18138047805916,0,0
2025-09-14 13:58:55.135135136,Enugu,Nsukka,5,3.704406065050642,118.89187987194045,1,2,29.618665146833443,0,1
2025-09-15 16:17:17.837837840,Abia,Arochukwu,14,18.275860421718225,73.09062705719856,0,1,50.350789570796344,0,0
2025-09-16 18:35:40.540540544,Imo,Owerri,20,6.666042806720312,70.58553183592298,0,1,31.566670114598413,0,0
2025-09-17 20:54:03.243243248,Imo,Mbaise,2,15.236113870388643,73.00108330970319,0,2,147.42561077940178,0,0
2025-09-18 23:12:25.945945952,Anambra,Ogidi,20,58.98900819168179,73.31695237091336,0,0,48.681837030406086,1,1
2025-09-20 01:30:48.648648656,Abia,Arochukwu,20,5.552971589138835,91.49737739676767,1,2,44.55901592612994,0,1
2025-09-21 03:49:11.351351344,Ebonyi,Ishieke,13,6.815754808500344,90.09732306355602,1,1,100.28422674934689,0,0
2025-09-22 06:07:34.054054048,Enugu,Abakpa,19,26.559659549321804,72.18483173870959,0,1,4.069698196670899,1,0
2025-09-23 08:25:56.756756752,Anambra,Ekwulobia,13,16.091880708789827,75.72325153724115,0,1,41.70081377749555,0,0
2025-09-24 10:44:19.459459456,Imo,Okigwe,3,17.364251964021648,106.25546235980119,1,3,16.511907389871798,0,1
2025-09-25 13:02:42.162162160,Ebonyi,Afikpo,11,10.77460051629527,49.793904910594996,0,2,64.05030169530266,0,0
2025-09-26 15:21:04.864864864,Ebonyi,Ezza,16,6.505869471903082,78.84835966902557,0,1,30.169515534656018,0,0
2025-09-27 17:39:27.567567568,Enugu,Independence Layout,6,20.477391317112076,82.70493080702464,0,0,62.40281205599243,1,0
2025-09-28 19:57:50.270270272,Imo,Okigwe,8,2.313259641542362,64.46634279801769,0,0,60.24152995303628,0,0
2025-09-29 22:16:12.972972976,Abia,Isuikwuato,2,23.175324928633795,77.69726793017405,0,1,68.41116785970223,1,0
2025-10-01 00:34:35.675675680,Ebonyi,Ishieke,12,4.3474370917174845,61.76647078396233,0,1,60.73556377565869,0,0
2025-10-02 02:52:58.378378384,Enugu,Independence Layout,14,6.613090625473539,92.74338141403007,1,0,38.2788181843495,0,0
2025-10-03 05:11:21.081081088,Abia,Isuikwuato,17,9.848792433890601,53.235866889912415,0,0,3.0704187969303973,0,0
2025-10-04 07:29:43.783783792,Imo,Mbaise,18,9.792755821773442,101.24667324840118,1,2,75.27254823039792,0,1
2025-10-05 09:48:06.486486480,Ebonyi,Abakaliki,0,14.249447074680964,78.53389685820885,0,2,87.2708227399547,0,0
2025-10-06 12:06:29.189189184,Abia,Bende,5,2.0487318654604088,71.03932281132579,0,2,16.863950661251874,0,0
2025-10-07 14:24:51.891891888,Abia,Ohafia,22,9.01461560199035,59.90605800691453,0,0,67.07632084838063,0,0
2025-10-08 16:43:14.594594592,Abia,Ohafia,1,13.278263952574404,100.61315591974929,1,2,9.889117572432404,0,1
2025-10-09 19:01:37.297297296,Ebonyi,Ezza,23,1.8637731537131106,66.96275731932081,0,1,51.102965242856925,0,0
2025-10-10 21:20:00.000000000,Ebonyi,Ishieke,13,6.808243134421621,56.65502881011034,0,2,57.28261458624992,0,0
2025-10-11 23:38:22.702702704,Anambra,Ogidi,5,28.252084059408425,101.02926638016238,1,1,32.213406785859775,1,1
2025-10-13 01:56:45.405405408,Imo,Okigwe,13,5.881696090947501,61.91388373010683,0,0,47.85214310679229,0,0
2025-10-14 04:15:08.108108112,Enugu,Trans-Ekulu,3,19.57787262365808,78.11035371711026,0,2,70.44609514491647,0,0
2025-10-15 06:33:30.810810816,Abia,Isuikwuato,20,8.68068729008657,96.37607551474527,1,1,41.71750484246969,0,1
2025-10-16 08:51:53.513513520,Anambra,Ekwulobia,7,34.26470819554745,83.15915205561907,0,0,24.745874863194064,1,0
2025-10-17 11:10:16.216216224,Enugu,Nsukka,2,7.937749695681846,114.61703091739948,1,0,8.286623616829836,0,0
2025-10-18 13:28:38.918918912,Anambra,Ekwulobia,18,9.679367815284191,63.30099263424645,0,0,33.277069012367704,0,1
2025-10-19 15:47:01.621621616,Ebonyi,Onueke,13,20.01575896825645,75.78977326800518,0,1,9.758352563727328,1,0
2025-10-20 18:05:24.324324320,Abia,Isuikwuato,19,3.421570038862083,77.33643719464636,0,1,33.6784793508168,0,0
2025-10-21 20:23:47.027027024,Enugu,Abakpa,16,5.338133852481043,92.4246990514799,1,2,31.042726097112343,0,1
2025-10-22 22:42:09.729729728,Enugu,Independence Layout,7,41.2581223894501,105.77246255676187,1,0,69.12314909887561,1,1
2025-10-24 01:00:32.432432432,Enugu,Trans-Ekulu,23,4.673087643937554,81.47233019257395,0,0,47.20425048630932,0,0
2025-10-25 03:18:55.135135136,Enugu,Abakpa,13,10.259056485360102,77.24672339279431,0,0,121.41779069151575,0,0
2025-10-26 05:37:17.837837840,Enugu,Trans-Ekulu,5,14.45363176547388,50.34016264340269,0,2,0.0,0,0
2025-10-27 07:55:40.540540544,Anambra,Onitsha,22,31.702569493354265,82.2476237959339,0,1,54.4011429515634,1,0
2025-10-28 10:14:03.243243248,Abia,Umuahia,21,0.9006559558774005,66.99399980007092,0,2,31.45331143501466,0,0
2025-10-29 12:32:25.945945952,Ebonyi,Ishieke,15,2.708290480017464,92.3687262119754,1,1,16.318781385466618,0,1
2025-10-30 14:50:48.648648656,Ebonyi,Ezza,18,17.240800147726972,71.80631621563944,0,0,44.10691516271489,0,0
2025-10-31 17:09:11.351351344,Ebonyi,Afikpo,13,32.250517458401,75.18723891259857,0,2,41.86149202917119,1,0
2025-11-01 19:27:34.054054048,Ebonyi,Abakaliki,18,17.34231117231555,50.79463970832861,0,1,77.33438452038095,0,0
2025-11-02 21:45:56.756756752,Anambra,Nnewi,2,2.257258531245777,43.77095832474922,0,4,47.73775340409008,0,0
2025-11-04 00:04:19.459459456,Imo,Mbaise,9,5.421293326207369,117.21974080367222,1,0,24.215952368436945,0,1
2025-11-05 02:22:42.162162160,Abia,Arochukwu,18,16.989480410014114,82.59367819130551,0,1,55.02631691100961,0,0
2025-11-06 04:41:04.864864864,Enugu,Nsukka,8,2.912606346029199,88.08670955261218,0,0,38.110453088654474,0,0
2025-11-07 06:59:27.567567568,Imo,Owerri,19,24.44782154505401,61.75410073634494,0,1,11.235643646378797,1,1
2025-11-08 09:17:50.270270272,Ebonyi,Afikpo,12,9.869782537460498,97.51047214357226,1,4,37.543638914616714,0,1
2025-11-09 11:36:12.972972976,Imo,Oguta,6,1.6904554807818628,93.9027979180872,1,2,51.92826232220066,0,1
2025-11-10 13:54:35.675675680,Abia,Arochukwu,13,15.408267283915226,63.951456111543806,0,2,47.1684729069644,0,0
2025-11-11 16:12:58.378378384,Enugu,Abakpa,8,7.25216450820369,58.80989128309226,0,0,54.90939163895647,0,0
2025-11-12 18:31:21.081081088,Enugu,Abakpa,22,5.310058515476116,65.34944632345454,0,1,29.205443729784253,0,0
2025-11-13 20:49:43.783783792,Abia,Bende,18,3.194940295722995,79.43434702585776,0,2,54.528358843018296,0,1
2025-11-14 23:08:06.486486480,Abia,Umuahia,14,6.869625376016936,83.3421400628045,0,1,48.60347438452247,0,0
2025-11-16 01:26:29.189189184,Ebonyi,Ezza,19,7.723203228867502,80.76788016477302,0,1,48.84688151320629,0,0
2025-11-17 03:44:51.891891888,Enugu,Nsukka,13,11.225319458343918,105.97460217280408,1,1,45.9706965848006,0,0
2025-11-18 06:03:14.594594592,Imo,Orlu,23,2.9458264936870555,65.70086299807883,0,0,110.28279630707893,0,0
2025-11-19 08:21:37.297297296,Anambra,Nnewi,5,3.5646827785298507,58.26676017942161,0,0,78.30378731400208,0,0
2025-11-20 10:40:00.000000000,Anambra,Ogidi,20,27.027087000591994,80.00198043703641,0,0,53.86175270785897,1,0
2025-11-21 12:58:22.702702704,Abia,Isuikwuato,3,1.8711581951156409,46.138303683381075,0,1,20.99378169455349,0,0
2025-11-22 15:16:45.405405408,Ebonyi,Ezza,7,18.782636297298012,93.91474997021237,1,2,36.23002500730608,0,1
2025-11-23 17:35:08.108108112,Anambra,Awka,16,0.9867035368531201,81.95926528952253,0,2,93.47364453445016,0,0
2025-11-24 19:53:30.810810816,Enugu,Trans-Ekulu,8,18.338479789299008,73.23923918180108,0,0,28.11187611499488,0,0
2025-11-25 22:11:53.513513520,Abia,Umuahia,0,1.361777218304833,72.12894253501722,0,3,40.02811100593604,0,0
2025-11-27 00:30:16.216216224,Imo,Orlu,23,18.618996197293985,98.19991564242466,1,0,38.35790023156774,0,0
2025-11-28 02:48:38.918918912,Abia,Arochukwu,19,6.396496815042277,97.56295870677062,1,0,56.03661831475548,0,1
2025-11-29 05:07:01.621621616,Imo,Owerri,13,6.263716085317313,75.07256283173294,0,2,31.90060568143707,0,0
2025-11-30 07:25:24.324324320,Abia,Isuikwuato,10,39.74437643560028,91.83537647115757,1,1,50.305740244447655,1,1
2025-12-01 09:43:47.027027024,Abia,Arochukwu,20,1.7973679647289404,97.26740923680677,1,1,32.57049316045128,0,0
2025-12-02 12:02:09.729729728,Abia,Umuahia,2,6.361261565987458,86.71052451249426,0,2,84.43532098595196,0,0
2025-12-03 14:20:32.432432432,Imo,Orlu,8,13.227395178125803,75.89069960742549,0,1,24.411671266980193,0,0
2025-12-04 16:38:55.135135136,Imo,Okigwe,13,15.65561680533372,87.62335414981202,0,0,74.32934534365307,0,0
2025-12-05 18:57:17.837837840,Abia,Isuikwuato,8,32.26257581536573,59.2182671414125,0,1,27.44592431029003,1,0
2025-12-06 21:15:40.540540544,Anambra,Ekwulobia,3,1.2354576615949036,81.42211138587851,0,3,19.38761016357774,0,0
2025-12-07 23:34:03.243243248,Ebonyi,Afikpo,3,28.854335471433767,75.33747488747487,0,0,23.97621760530234,1,0
2025-12-09 01:52:25.945945952,Ebonyi,Onueke,7,2.9637713153068037,72.20268752413064,0,1,0.0,0,0
2025-12-10 04:10:48.648648656,Ebonyi,Ezza,1,3.478308071825366,45.46957976273139,0,2,58.157953391529205,0,0
2025-12-11 06:29:11.351351344,Imo,Mbaise,8,20.759464887624727,59.448044971751415,0,1,10.080716714306874,1,0
2025-12-12 08:47:34.054054048,Imo,Orlu,13,25.002706663106334,70.28210351749237,0,0,34.26241417222181,1,0
2025-12-13 11:05:56.756756752,Anambra,Awka,21,3.824170249345454,97.90078361277513,1,4,67.8486479279629,0,1
2025-12-14 13:24:19.459459456,Ebonyi,Afikpo,8,16.45841998642031,85.71646980807975,0,0,66.88058039233904,0,0
2025-12-15 15:42:42.162162160,Ebonyi,Onueke,23,6.342785912082289,98.79348496055803,1,0,2.0502325200820266,0,0
2025-12-16 18:01:04.864864864,Abia,Bende,22,8.023108984997654,104.8582676480026,1,1,54.31630739792813,0,0
2025-12-17 20:19:27.567567568,Imo,Orlu,15,6.333958439321139,86.58618290498991,0,1,79.21481946924767,0,0
2025-12-18 22:37:50.270270272,Ebonyi,Abakaliki,16,1.8153658794339125,82.80586821360593,0,1,25.894712694304083,0,0
2025-12-20 00:56:12.972972976,Anambra,Onitsha,15,9.466730703192916,60.54012006629579,0,0,60.40719984005487,0,0
2025-12-21 03:14:35.675675680,Anambra,Ogidi,11,5.175207474678822,119.73342529146618,1,0,10.701611826163827,0,0
2025-12-22 05:32:58.378378384,Ebonyi,Abakaliki,2,24.224576136252054,51.643118565796186,0,1,56.569708597109695,1,0
2025-12-23 07:51:21.081081088,Imo,Okigwe,10,14.132565447826039,82.3746817641699,0,1,48.93814083988973,0,0
2025-12-24 10:09:43.783783792,Anambra,Ekwulobia,13,18.993813152192207,96.65598007090765,1,0,64.83440867476358,0,0
2025-12-25 12:28:06.486486480,Abia,Arochukwu,17,7.0983385554856815,96.93475155062676,1,2,62.974382606661166,0,1
2025-12-26 14:46:29.189189184,Anambra,Awka,20,6.275380593325553,56.89821819121353,0,1,4.395491713465425,0,0
2025-12-27 17:04:51.891891888,Enugu,Nsukka,20,8.060637501286688,71.60193994264819,0,1,49.09659722232578,0,0
2025-12-28 19:23:14.594594592,Enugu,Thinkers Corner,4,37.83221567117388,64.02090455764673,0,1,88.58740932821615,1,0
2025-12-29 21:41:37.297297296,Imo,Oguta,15,2.8913477792918787,40.39131540867959,0,0,0.0,0,0
2025-12-31 00:00:00.000000000,Ebonyi,Onueke,19,6.454818853542647,82.60653483489924,0,1,74.00778341586197,0,1
